Unnamed: 0,Year,Precipitation (Annual Mean mm),5-year smooth (Gaussian Smooth),Average Minimum Surface Air Temperature (Annual Mean °C),Average Mean Surface Air Temperature (Annual Mean °C),Average Maximum Surface Air Temperature (Annual Mean °C),Annual SPEI Drought Index (spei index),Average Largest 1-Day Precipitation (mm),Average Largest 5-Day Cumulative Precipitation (mm),Precipitation amount during wettest days (mm),Relative Humidity (%),Temperature-based Excess Mortality (factor),Viloyat,Category
0,1950.0,253.66,312.24,5.34,12.0,18.68,-0.0104054054054054,24.25,36.1,9.87,51.86,0.05,Andijon,
1,1951.0,405.11,324.28,6.16,12.49,18.86,0.03,15.7,40.0,2.09,57.96,0.03,Andijon,
2,1952.0,320.01,337.32,6.58,12.87,19.19,0.12,18.25,41.52,5.53,53.27,0.04,Andijon,
3,1953.0,465.28,347.99,6.87,13.03,19.25,-0.11,16.71,37.02,5.49,56.51,0.04,Andijon,
4,1954.0,329.45,353.05,5.5,11.91,18.35,1.39,17.62,38.17,6.55,57.0,0.01,Andijon,
5,1955.0,292.25,349.36,7.05,13.84,20.68,-0.34,22.22,43.53,12.51,48.02,0.11,Andijon,
6,1956.0,255.01,337.27,6.36,13.1,19.87,-0.15,16.48,41.18,5.93,52.69,0.12,Andijon,
7,1957.0,281.83,320.55,5.55,12.0,18.48,0.12,13.62,30.78,1.26,57.69,0.01,Andijon,
8,1958.0,384.42,303.01,6.98,13.3,19.66,0.57,34.43,58.31,9.38,55.56,0.07,Andijon,
9,1959.0,323.15,288.46,6.52,12.78,19.07,0.51,23.25,49.9,12.38,55.5,0.04,Andijon,
10,1960.0,327.87,280.74,6.17,12.55,18.97,0.31,15.98,38.02,5.95,55.01,0.06,Andijon,
11,1961.0,194.93,281.89,7.19,13.76,20.38,-1.1,13.81,21.9,0.02,47.37,0.11,Andijon,
12,1962.0,288.51,289.52,7.01,13.38,19.77,-1.84,14.53,33.77,2.77,48.8,0.1,Andijon,
13,1963.0,370.24,300.64,7.65,14.15,20.68,0.05,21.23,39.26,11.18,52.65,0.06,Andijon,
14,1964.0,284.49,312.26,5.87,12.22,18.6,0.9,20.52,34.7,10.12,52.5,0.03,Andijon,
15,1965.0,252.18,321.32,7.35,13.73,20.16,-0.61,19.02,48.17,5.18,48.98,0.11,Andijon,
16,1966.0,338.01,325.25,7.48,13.85,20.26,-0.35,16.85,37.09,4.37,50.35,0.11,Andijon,
17,1967.0,295.03,324.23,7.21,13.29,19.44,-1.23,18.16,35.17,4.82,50.86,0.09,Andijon,
18,1968.0,271.67,319.56,6.98,13.22,19.47,-0.51,17.1,37.06,4.34,51.98,0.11,Andijon,
19,1969.0,570.93,312.6,5.76,11.73,17.72,1.9,20.59,62.39,11.47,63.52,0.03,Andijon,
20,1970.0,277.33,304.67,7.17,13.64,20.17,0.41,19.84,39.5,9.68,53.32,0.08,Andijon,
21,1971.0,182.32,297.07,7.35,14.04,20.78,-0.91,16.28,26.0,2.88,49.63,0.11,Andijon,
22,1972.0,330.22,290.56,5.29,11.42,17.59,-0.28,16.01,36.59,2.72,55.68,0.02,Andijon,
23,1973.0,228.92,285.36,6.99,13.48,19.99,0.2,14.53,40.4,2.79,51.77,0.12,Andijon,
24,1974.0,263.52,281.6,6.33,12.52,18.75,-0.95,13.19,23.34,2.18,52.88,0.09,Andijon,
25,1975.0,199.45,279.45,7.15,13.51,19.9,-1.18,12.41,30.87,1.53,48.56,0.13,Andijon,
26,1976.0,302.25,279.06,7.07,13.0,18.97,-0.36,15.27,31.27,2.88,57.08,0.08,Andijon,
27,1977.0,398.89,280.46,7.64,13.81,20.02,-0.44,38.93,86.67,19.18,55.48,0.09,Andijon,
28,1978.0,286.46,283.29,7.43,13.53,19.67,0.4,17.18,29.94,2.76,55.92,0.09,Andijon,
29,1979.0,285.87,287.13,7.62,13.77,19.95,0.41,28.11,65.79,21.26,53.82,0.11,Andijon,
30,1980.0,280.26,291.58,7.76,13.91,20.09,0.05,18.17,27.41,4.95,55.14,0.07,Andijon,
31,1981.0,333.14,296.18,7.94,13.98,20.07,0.31,18.74,35.29,4.16,56.47,0.04,Andijon,
32,1982.0,255.54,300.57,7.14,13.19,19.28,-0.68,21.46,36.66,8.28,51.09,0.1,Andijon,
33,1983.0,253.66,304.72,7.92,14.33,20.77,-0.09,21.04,37.29,7.51,52.58,0.12,Andijon,
34,1984.0,346.37,308.74,6.62,12.72,18.85,-0.21,14.62,43.37,3.69,54.19,0.15,Andijon,
35,1985.0,285.26,312.75,7.19,13.44,19.71,0.34,18.46,32.94,5.01,54.86,0.07,Andijon,
36,1986.0,246.65,316.86,7.66,13.8,19.98,-0.98,13.31,28.33,4.0,52.08,0.09,Andijon,
37,1987.0,481.97,321.19,7.84,13.75,19.7,0.64,26.29,70.56,15.84,59.47,0.06,Andijon,
38,1988.0,334.96,325.47,8.13,14.35,20.62,1.34,17.71,40.38,7.4,56.23,0.1,Andijon,
39,1989.0,235.61,328.99,7.02,13.31,19.63,-0.68,18.19,34.96,4.04,52.65,0.07,Andijon,
40,1990.0,327.32,331.02,8.03,14.17,20.35,0.36,18.54,40.67,5.6,57.06,0.11,Andijon,
41,1991.0,336.84,330.82,7.64,13.71,19.82,0.17,17.91,52.42,5.9,56.59,0.06,Andijon,
42,1992.0,289.65,327.65,7.72,13.62,19.56,0.78,14.42,39.28,2.65,57.89,0.03,Andijon,
43,1993.0,466.68,321.42,7.02,12.79,18.59,1.04,23.65,56.26,15.17,60.57,0.03,Andijon,
44,1994.0,308.6,313.9,7.37,13.44,19.54,1.14,18.91,35.68,7.42,56.86,0.08,Andijon,
45,1995.0,185.98,307.27,7.84,14.28,20.76,0.03,16.74,31.7,5.87,53.4,0.09,Andijon,
46,1996.0,289.99,303.67,6.98,13.13,19.3,0.38,20.61,36.17,7.49,56.76,0.09,Andijon,
47,1997.0,239.54,305.3,8.1,14.48,20.88,-0.74,13.32,23.39,2.49,52.98,0.16,Andijon,
48,1998.0,489.82,313.89,8.06,14.01,20.0,0.85,20.89,51.25,11.46,59.96,0.06,Andijon,
49,1999.0,353.1,327.63,8.52,14.61,20.73,1.07,16.1,39.18,2.72,57.01,0.05,Andijon,
50,2000.0,286.09,342.84,8.33,14.46,20.63,-0.43,25.42,40.59,9.85,53.97,0.09,Andijon,
51,2001.0,261.3,355.7,8.47,14.78,21.13,-0.31,16.62,32.49,4.52,55.11,0.08,Andijon,
52,2002.0,392.86,362.51,8.46,14.58,20.75,0.58,17.07,35.78,3.19,57.13,0.1,Andijon,
53,2003.0,426.46,359.61,8.28,14.03,19.82,1.16,21.09,60.3,14.29,59.05,0.08,Andijon,
54,2004.0,352.47,346.64,9.2,15.08,20.99,0.5,16.55,46.74,4.22,56.58,0.1,Andijon,
55,2005.0,292.06,327.79,8.73,14.68,20.69,0.4,26.51,42.9,11.81,55.77,0.1,Andijon,
56,2006.0,294.66,307.49,8.64,14.7,20.78,-0.03,18.49,48.66,3.62,56.66,0.1,Andijon,
57,2007.0,295.85,290.16,8.58,14.69,20.86,-0.85,19.32,58.65,5.59,54.04,0.09,Andijon,
58,2008.0,252.85,280.22,8.24,14.23,20.25,-1.31,15.43,28.8,2.28,53.0,0.18,Andijon,
59,2009.0,293.13,280.65,8.6,14.56,20.57,-0.11,16.04,33.61,4.07,56.29,0.05,Andijon,
60,2010.0,359.14,288.95,9.15,15.14,21.18,0.84,16.98,36.54,6.59,58.4,0.04,Andijon,
61,2011.0,316.1,301.49,8.28,14.22,20.17,-0.61,18.4,45.23,6.47,55.04,0.11,Andijon,
62,2012.0,248.6,314.68,7.68,13.87,20.1,0.44,16.47,47.09,3.34,54.95,0.07,Andijon,
63,2013.0,284.75,324.79,8.95,15.07,21.24,-0.85,12.81,27.62,2.82,55.7,0.11,Andijon,
64,2014.0,306.3,328.57,7.37,13.78,20.23,-0.56,16.55,35.04,2.41,55.71,0.11,Andijon,
65,2015.0,362.21,326.13,8.9,15.08,21.29,-0.19,20.07,31.6,6.86,57.82,0.1,Andijon,
66,2016.0,376.02,319.61,8.7,15.41,22.15,0.11,18.18,42.51,6.28,57.09,0.1,Andijon,
67,2017.0,316.74,311.27,7.82,14.66,21.54,1.1,18.66,33.89,7.16,57.02,0.07,Andijon,
68,2018.0,304.87,303.29,7.55,14.63,21.75,0.18,15.37,36.62,3.18,57.46,0.09,Andijon,
69,2019.0,294.53,297.84,8.55,15.35,22.18,0.11,20.58,37.79,8.6,54.77,0.12,Andijon,
70,2020.0,283.19,295.98,7.61,14.31,21.02,-0.32,14.52,23.43,2.18,54.56,0.05,Andijon,
71,2021.0,233.52,297.12,8.59,15.39,22.23,-0.56,17.92,37.91,5.54,49.84,0.11,Andijon,
72,2022.0,368.99,300.49,9.67,15.68,21.72,-0.81,18.64,40.84,4.86,54.25,0.15,Andijon,
73,2023.0,238.78,305.36,9.62,16.12,22.67,-0.6,22.28,49.56,11.14,53.37,0.12,Andijon,
74,2024.0,354.42,311.0,8.93,15.28,21.68,-0.73,25.88,34.83,16.33,60.22,0.08,Andijon,
0,1950.0,94.68,21.3,6.73,13.83,20.96,-0.1112162162162162,12.68,20.1,0.11,42.4,0.02,Buxoro,
1,1951.0,107.97,21.3,7.9,14.54,21.23,0.4,13.79,16.05,4.28,44.73,0.05,Buxoro,
2,1952.0,173.72,21.33,8.21,14.81,21.44,1.23,12.94,31.24,0.41,45.18,0.07,Buxoro,
3,1953.0,188.05,21.38,8.71,15.06,21.45,1.14,14.42,27.07,2.07,48.22,0.05,Buxoro,
4,1954.0,129.34,21.43,7.54,14.05,20.6,2.53,19.98,37.61,10.71,48.33,0.02,Buxoro,
5,1955.0,89.38,21.46,8.91,15.97,23.06,-0.32,7.88,16.61,0.0,41.17,0.13,Buxoro,
6,1956.0,147.23,21.47,8.24,14.86,21.53,0.98,14.67,30.31,5.38,43.91,0.09,Buxoro,
7,1957.0,114.51,21.48,7.39,13.89,20.42,0.76,12.81,17.99,0.0,46.89,0.02,Buxoro,
8,1958.0,149.55,21.49,8.8,15.41,22.05,0.49,10.42,14.05,0.0,44.14,0.05,Buxoro,
9,1959.0,145.72,21.53,8.19,14.55,20.95,0.93,12.97,23.33,3.78,46.99,0.03,Buxoro,
10,1960.0,113.35,21.61,7.93,14.57,21.26,0.25,12.98,15.32,2.13,45.36,0.07,Buxoro,
11,1961.0,110.48,21.72,8.74,15.67,22.63,-0.41,17.7,26.21,8.48,42.65,0.08,Buxoro,
12,1962.0,130.83,21.85,8.4,15.07,21.79,-0.27,11.75,14.12,0.94,45.46,0.07,Buxoro,
13,1963.0,118.23,21.97,9.23,15.93,22.66,-0.06,11.72,18.12,1.36,45.26,0.05,Buxoro,
14,1964.0,158.83,22.05,7.48,14.07,20.71,1.57,16.56,33.11,7.6,46.87,0.06,Buxoro,
15,1965.0,98.51,22.07,8.89,15.53,22.22,0.51,10.63,19.32,2.72,44.84,0.07,Buxoro,
16,1966.0,99.21,21.99,9.18,15.9,22.65,-0.35,10.2,17.65,0.15,42.94,0.11,Buxoro,
17,1967.0,166.52,21.85,8.65,15.2,21.8,0.39,15.42,24.22,4.47,46.78,0.07,Buxoro,
18,1968.0,126.6,21.67,8.75,15.25,21.8,0.05,10.62,20.36,0.0,45.85,0.08,Buxoro,
19,1969.0,232.01,21.51,7.48,13.68,19.91,2.18,20.14,32.43,5.8,52.6,0.06,Buxoro,
20,1970.0,121.11,21.38,8.82,15.61,22.44,0.08,9.07,19.11,0.11,45.61,0.07,Buxoro,
21,1971.0,90.6,21.33,9.08,15.96,22.88,-0.79,10.25,17.56,1.1,43.64,0.07,Buxoro,
22,1972.0,135.29,21.36,6.8,13.21,19.65,0.29,12.84,20.34,4.59,47.28,0.02,Buxoro,
23,1973.0,154.8,21.45,8.66,15.36,22.09,0.44,12.96,18.86,0.88,46.83,0.11,Buxoro,
24,1974.0,132.84,21.57,7.88,14.38,20.91,0.17,12.03,19.35,0.13,44.59,0.08,Buxoro,
25,1975.0,100.59,21.68,8.59,15.33,22.09,-0.63,10.29,15.84,0.07,42.57,0.14,Buxoro,
26,1976.0,150.16,21.77,8.37,14.74,21.15,-0.14,11.34,19.34,2.63,47.82,0.11,Buxoro,
27,1977.0,128.14,21.81,9.25,15.65,22.08,-0.06,8.99,14.06,0.0,47.95,0.12,Buxoro,
28,1978.0,192.3,21.83,8.92,15.33,21.79,1.46,19.99,33.52,10.04,50.15,0.09,Buxoro,
29,1979.0,145.18,21.83,9.13,15.68,22.26,1.11,11.24,26.8,0.23,47.83,0.12,Buxoro,
30,1980.0,164.79,21.83,9.15,15.6,22.09,0.43,17.82,21.06,7.1,48.61,0.1,Buxoro,
31,1981.0,187.77,21.87,9.7,15.98,22.3,1.07,16.66,30.9,5.22,49.73,0.06,Buxoro,
32,1982.0,163.98,21.94,8.51,14.81,21.13,0.77,18.55,28.61,9.26,50.29,0.04,Buxoro,
33,1983.0,121.41,22.04,9.56,16.23,22.93,-0.33,9.73,14.33,0.0,45.38,0.15,Buxoro,
34,1984.0,134.37,22.15,8.22,14.55,20.91,0.22,15.63,32.79,2.68,46.1,0.17,Buxoro,
35,1985.0,124.01,22.23,8.79,15.37,21.99,0.24,14.69,22.75,5.98,46.53,0.11,Buxoro,
36,1986.0,116.31,22.26,9.05,15.6,22.18,-0.72,10.59,19.67,0.0,45.78,0.07,Buxoro,
37,1987.0,157.05,22.21,9.19,15.66,22.18,0.46,15.8,24.28,2.03,46.9,0.08,Buxoro,
38,1988.0,180.83,22.09,9.66,16.17,22.72,0.81,18.92,27.06,12.52,48.33,0.09,Buxoro,
39,1989.0,115.7,21.93,8.69,15.36,22.07,0.11,15.34,25.67,5.95,46.29,0.07,Buxoro,
40,1990.0,126.7,21.78,9.44,15.92,22.42,-0.19,6.73,13.49,0.0,47.81,0.1,Buxoro,
41,1991.0,156.41,21.68,9.28,15.5,21.76,0.13,16.7,23.55,5.58,49.25,0.06,Buxoro,
42,1992.0,175.03,21.67,9.1,15.22,21.38,1.03,12.87,19.65,2.02,50.38,0.04,Buxoro,
43,1993.0,167.56,21.77,8.49,14.59,20.73,0.84,12.61,28.67,0.06,50.84,0.08,Buxoro,
44,1994.0,139.74,21.96,8.84,15.27,21.75,0.5,12.64,22.06,1.24,49.94,0.08,Buxoro,
45,1995.0,87.43,22.2,9.61,16.49,23.41,-0.64,10.23,20.69,0.0,45.21,0.12,Buxoro,
46,1996.0,93.98,22.45,8.42,15.11,21.83,-1.07,11.45,17.55,2.58,45.0,0.08,Buxoro,
47,1997.0,155.65,22.67,9.6,16.2,22.84,-0.43,9.91,21.59,0.18,48.54,0.14,Buxoro,
48,1998.0,175.22,22.82,9.33,15.8,22.32,0.56,14.58,24.07,8.11,48.42,0.1,Buxoro,
49,1999.0,124.34,22.91,9.92,16.6,23.32,-0.98,10.11,15.63,0.0,47.11,0.09,Buxoro,
50,2000.0,113.78,22.94,9.72,16.42,23.16,-1.7,7.99,17.15,0.0,46.21,0.1,Buxoro,
51,2001.0,116.1,22.94,9.98,16.58,23.22,-1.6,11.81,15.63,0.07,47.13,0.08,Buxoro,
52,2002.0,171.22,22.92,9.9,16.45,23.05,-0.08,15.98,29.24,3.44,48.21,0.14,Buxoro,
53,2003.0,196.49,22.88,9.67,15.72,21.81,0.85,18.0,24.77,5.67,51.38,0.09,Buxoro,
54,2004.0,159.5,22.85,10.43,16.81,23.22,-0.42,11.54,19.09,1.09,47.83,0.09,Buxoro,
55,2005.0,160.17,22.82,9.92,16.41,22.94,0.16,13.97,32.94,0.44,48.03,0.14,Buxoro,
56,2006.0,132.49,22.79,9.88,16.34,22.83,-1.15,13.47,19.32,2.73,45.96,0.1,Buxoro,
57,2007.0,141.7,22.76,9.74,16.31,22.92,-1.3,12.4,23.95,0.43,44.81,0.1,Buxoro,
58,2008.0,99.73,22.73,9.28,15.83,22.41,-1.89,6.87,10.86,0.0,45.17,0.15,Buxoro,
59,2009.0,164.75,22.7,10.0,16.24,22.54,-0.39,17.77,27.05,3.81,49.38,0.06,Buxoro,
60,2010.0,98.96,22.67,10.26,16.92,23.62,-0.74,10.8,18.32,1.09,44.48,0.14,Buxoro,
61,2011.0,122.95,22.66,9.59,15.83,22.11,-1.94,12.39,20.95,4.19,45.63,0.15,Buxoro,
62,2012.0,138.07,22.65,9.24,15.67,22.14,-0.37,16.91,22.08,3.84,44.5,0.13,Buxoro,
63,2013.0,155.43,22.67,10.31,16.77,23.27,-1.1,18.19,25.13,8.14,45.64,0.1,Buxoro,
64,2014.0,139.24,22.71,8.97,15.55,22.16,-1.19,10.06,18.95,0.0,44.55,0.14,Buxoro,
65,2015.0,159.08,22.77,10.44,16.65,22.91,-0.8,13.7,35.59,1.23,46.43,0.19,Buxoro,
66,2016.0,165.82,22.85,10.76,17.09,23.47,-1.2,10.15,12.78,0.03,45.56,0.11,Buxoro,
67,2017.0,145.29,22.94,9.92,16.34,22.8,-0.44,14.1,31.22,2.18,45.21,0.14,Buxoro,
68,2018.0,116.46,23.04,10.2,16.54,22.91,-1.56,15.06,20.79,1.38,42.59,0.17,Buxoro,
69,2019.0,170.01,23.15,10.79,17.01,23.28,-0.61,11.0,23.02,0.0,44.89,0.2,Buxoro,
70,2020.0,139.2,23.25,9.72,15.96,22.25,-0.98,19.44,24.32,11.51,44.68,0.14,Buxoro,
71,2021.0,83.21,23.35,10.45,17.15,23.9,-1.86,13.61,20.14,0.08,40.52,0.23,Buxoro,
72,2022.0,144.68,23.46,11.34,17.35,23.41,-1.61,12.94,28.06,0.0,45.05,0.17,Buxoro,
73,2023.0,101.25,23.56,11.48,17.98,24.52,-2.04,11.84,18.46,4.29,41.43,0.16,Buxoro,
74,2024.0,139.37,23.67,11.04,16.98,22.97,-1.01,15.5,19.59,6.75,46.98,0.1,Buxoro,
0,1950.0,267.77,18.29,4.94,11.45,17.7,0.0204054054054054,15.84,27.46,3.48,47.72,0.05,Fargona,
1,1951.0,422.66,18.3,5.9,12.06,18.28,0.07,14.02,34.38,0.84,54.69,0.04,Fargona,
2,1952.0,360.58,18.34,6.32,12.44,18.42,0.46,17.23,41.61,3.07,51.2,0.05,Fargona,
3,1953.0,587.36,18.4,6.62,12.59,18.54,0.11,19.03,34.91,6.28,53.24,0.05,Fargona,
4,1954.0,391.87,18.45,5.31,11.51,17.61,1.59,11.84,29.64,1.04,54.73,0.01,Fargona,
5,1955.0,318.24,18.49,6.74,13.39,20.07,-0.05,18.97,32.65,7.08,47.16,0.1,Fargona,
6,1956.0,318.93,18.51,6.01,12.51,18.38,-0.07,15.99,30.62,2.22,49.14,0.14,Fargona,
7,1957.0,324.91,18.53,5.23,11.43,18.03,0.14,10.21,24.81,0.91,54.16,0.02,Fargona,
8,1958.0,480.16,18.56,6.72,12.87,18.91,0.85,24.63,47.97,9.07,52.74,0.09,Fargona,
9,1959.0,355.25,18.62,6.21,12.26,17.74,0.64,21.45,42.5,8.32,51.67,0.05,Fargona,
10,1960.0,389.4,18.71,5.89,12.05,18.21,0.14,11.38,32.58,2.07,50.83,0.08,Fargona,
11,1961.0,214.42,18.83,6.79,13.21,19.87,-1.01,13.32,21.2,0.42,45.18,0.11,Fargona,
12,1962.0,284.52,18.97,6.61,12.81,19.2,-1.66,12.56,27.61,1.49,46.44,0.09,Fargona,
13,1963.0,422.11,19.1,7.21,13.55,19.7,0.25,16.54,32.76,3.29,49.56,0.06,Fargona,
14,1964.0,333.55,19.18,5.49,11.66,17.92,1.17,17.46,29.83,2.44,50.24,0.03,Fargona,
15,1965.0,303.96,19.21,6.91,13.12,19.26,-0.34,16.8,34.3,4.5,47.75,0.08,Fargona,
16,1966.0,423.47,19.14,7.09,13.31,19.79,0.08,21.74,39.01,10.12,50.2,0.09,Fargona,
17,1967.0,318.76,19.01,6.79,12.72,19.01,-1.1,14.54,30.07,1.4,48.82,0.09,Fargona,
18,1968.0,339.72,18.84,6.77,12.74,18.93,-0.29,15.01,38.22,2.25,50.0,0.12,Fargona,
19,1969.0,691.79,18.68,5.54,11.23,17.02,2.06,18.16,52.46,5.11,60.41,0.06,Fargona,
20,1970.0,320.17,18.55,6.87,13.14,19.39,0.39,14.24,27.99,1.58,50.04,0.09,Fargona,
21,1971.0,203.0,18.5,6.97,13.46,20.01,-1.19,10.28,22.37,0.65,47.55,0.08,Fargona,
22,1972.0,446.18,18.52,4.96,10.84,17.15,-0.01,16.1,33.57,3.72,52.55,0.02,Fargona,
23,1973.0,300.47,18.6,6.68,12.91,19.01,0.31,18.31,44.07,6.78,48.55,0.12,Fargona,
24,1974.0,328.72,18.71,6.0,11.99,18.31,-1.11,10.2,19.1,0.94,49.58,0.08,Fargona,
25,1975.0,225.96,18.82,6.77,12.9,19.58,-1.09,10.42,29.95,1.12,46.55,0.12,Fargona,
26,1976.0,359.93,18.92,6.68,12.41,18.02,-0.34,16.08,36.01,2.81,53.57,0.1,Fargona,
27,1977.0,498.69,18.98,7.39,13.29,19.2,-0.47,27.88,65.07,12.66,52.97,0.11,Fargona,
28,1978.0,353.79,19.01,7.08,12.96,18.82,0.5,13.04,25.38,1.06,52.29,0.11,Fargona,
29,1979.0,362.25,19.03,7.32,13.23,19.59,0.24,21.24,52.78,11.01,51.11,0.12,Fargona,
30,1980.0,362.95,19.06,7.36,13.3,18.94,-0.07,16.18,27.62,4.82,52.36,0.09,Fargona,
31,1981.0,419.92,19.11,7.67,13.48,19.5,0.51,17.77,31.28,4.06,55.15,0.04,Fargona,
32,1982.0,311.22,19.19,6.82,12.62,18.66,-0.33,16.55,34.2,3.26,49.56,0.08,Fargona,
33,1983.0,302.3,19.29,7.57,13.73,20.41,-0.52,14.01,27.56,2.26,48.14,0.13,Fargona,
34,1984.0,414.05,19.38,6.33,12.19,18.24,-0.48,14.85,30.16,2.55,51.28,0.17,Fargona,
35,1985.0,356.35,19.46,6.92,12.92,19.19,-0.06,12.45,22.27,1.82,49.84,0.09,Fargona,
36,1986.0,301.11,19.48,7.29,13.23,19.39,-1.32,12.01,22.93,1.76,48.73,0.08,Fargona,
37,1987.0,556.71,19.44,7.44,13.17,19.0,0.71,19.69,44.21,6.34,56.28,0.07,Fargona,
38,1988.0,410.88,19.34,7.77,13.79,19.82,1.2,13.03,31.74,2.75,53.06,0.14,Fargona,
39,1989.0,279.98,19.21,6.71,12.82,19.64,-0.88,11.48,31.25,2.24,48.74,0.07,Fargona,
40,1990.0,399.38,19.09,7.63,13.56,19.85,0.28,17.0,38.11,2.53,53.23,0.14,Fargona,
41,1991.0,423.38,19.01,7.31,13.1,19.35,-0.15,15.47,43.59,3.04,52.95,0.07,Fargona,
42,1992.0,337.95,19.01,7.31,12.98,18.58,0.75,11.36,29.56,1.21,54.27,0.04,Fargona,
43,1993.0,570.51,19.11,6.61,12.16,18.06,0.88,20.19,47.6,8.0,57.21,0.05,Fargona,
44,1994.0,360.95,19.29,7.03,12.9,18.78,0.98,21.11,36.24,7.55,53.89,0.09,Fargona,
45,1995.0,209.45,19.52,7.46,13.76,20.8,0.05,19.39,29.64,4.92,50.92,0.08,Fargona,
46,1996.0,363.87,19.75,6.58,12.58,19.01,0.33,21.33,36.54,9.42,54.25,0.08,Fargona,
47,1997.0,291.52,19.96,7.76,13.88,20.29,-0.76,11.51,22.92,0.3,52.2,0.14,Fargona,
48,1998.0,612.54,20.11,7.64,13.42,19.67,0.73,23.93,45.15,7.48,56.69,0.09,Fargona,
49,1999.0,439.32,20.21,8.2,14.06,20.69,1.09,13.71,34.06,2.05,54.41,0.05,Fargona,
50,2000.0,321.94,20.26,7.97,13.9,20.5,-0.48,16.9,33.58,2.35,52.53,0.06,Fargona,
51,2001.0,311.21,20.28,8.07,14.18,20.52,-0.31,16.41,39.2,2.02,52.87,0.08,Fargona,
52,2002.0,484.92,20.28,8.08,14.03,20.32,0.64,13.09,29.82,2.87,55.49,0.1,Fargona,
53,2003.0,518.66,20.27,7.88,13.42,19.1,0.88,17.53,41.8,4.48,57.41,0.1,Fargona,
54,2004.0,429.77,20.26,8.78,14.48,20.7,0.79,15.43,43.02,3.76,55.3,0.11,Fargona,
55,2005.0,347.74,20.25,8.3,14.1,20.47,0.44,12.9,37.06,2.77,53.4,0.12,Fargona,
56,2006.0,365.45,20.23,8.23,14.08,20.2,-0.22,14.86,38.35,0.72,55.16,0.08,Fargona,
57,2007.0,363.81,20.21,8.18,14.12,20.42,-0.68,15.85,49.62,4.01,54.48,0.08,Fargona,
58,2008.0,295.92,20.19,7.74,13.57,20.0,-0.99,16.06,23.86,1.65,53.48,0.12,Fargona,
59,2009.0,400.89,20.16,8.26,14.0,19.93,-0.05,13.22,24.71,1.82,53.99,0.08,Fargona,
60,2010.0,412.97,20.13,8.73,14.59,20.98,0.72,15.4,30.77,3.21,56.7,0.05,Fargona,
61,2011.0,385.19,20.11,7.92,13.65,19.39,-0.67,16.41,43.42,2.46,54.37,0.09,Fargona,
62,2012.0,313.53,20.11,7.33,13.3,19.68,0.45,10.77,26.52,0.47,53.56,0.06,Fargona,
63,2013.0,359.34,20.13,8.55,14.49,20.94,-0.99,8.15,19.67,1.42,53.88,0.1,Fargona,
64,2014.0,375.3,20.19,6.95,13.22,19.58,-0.56,16.66,31.78,2.36,53.38,0.12,Fargona,
65,2015.0,451.92,20.27,8.61,14.46,20.43,-0.19,16.36,33.15,4.06,55.98,0.12,Fargona,
66,2016.0,422.54,20.38,8.47,14.81,20.94,-0.12,18.33,40.09,3.46,54.87,0.12,Fargona,
67,2017.0,351.55,20.51,7.56,14.06,20.44,0.94,16.62,28.96,3.41,54.08,0.09,Fargona,
68,2018.0,353.57,20.63,7.38,14.06,20.25,0.25,20.36,45.24,4.79,54.98,0.12,Fargona,
69,2019.0,374.5,20.76,8.31,14.74,20.93,0.12,13.95,28.58,1.76,53.19,0.15,Fargona,
70,2020.0,346.47,20.88,7.34,13.7,20.23,-0.26,12.31,27.46,1.07,53.42,0.05,Fargona,
71,2021.0,275.09,21.0,8.09,14.76,21.47,-0.19,14.84,36.09,1.7,50.61,0.08,Fargona,
72,2022.0,462.93,21.11,9.44,15.09,20.88,-0.42,15.97,40.01,3.57,54.29,0.12,Fargona,
73,2023.0,273.15,21.22,9.45,15.59,22.19,-0.26,21.57,46.23,11.42,53.65,0.07,Fargona,
74,2024.0,427.02,21.33,8.69,14.72,20.68,-0.54,22.02,32.59,13.02,58.76,0.06,Fargona,
0,1950.0,246.26,19.7,5.38,12.35,19.35,-0.105,18.55,46.19,5.34,56.28,0.05,Jizzax,
1,1951.0,406.96,19.71,6.51,13.04,19.61,-0.12,26.11,52.03,15.44,62.39,0.04,Jizzax,
2,1952.0,476.77,19.76,6.84,13.37,19.92,0.87,19.14,43.52,9.22,60.79,0.06,Jizzax,
3,1953.0,595.94,19.83,7.25,13.51,19.8,0.95,43.21,69.8,21.47,62.14,0.05,Jizzax,
4,1954.0,378.6,19.89,6.01,12.51,19.05,1.7,21.67,57.58,15.75,61.55,0.03,Jizzax,
5,1955.0,395.41,19.92,7.3,14.4,21.55,-0.12,32.2,49.8,20.24,56.28,0.12,Jizzax,
6,1956.0,374.71,19.94,6.66,13.42,20.22,0.15,25.93,52.41,17.95,57.31,0.08,Jizzax,
7,1957.0,396.86,19.95,5.93,12.35,18.8,-0.39,24.26,41.98,8.11,60.85,0.04,Jizzax,
8,1958.0,487.65,19.96,7.39,13.85,20.35,0.53,23.36,50.58,11.62,58.84,0.09,Jizzax,
9,1959.0,390.01,19.99,6.76,13.14,19.56,0.43,19.71,47.64,11.75,62.08,0.02,Jizzax,
10,1960.0,440.93,20.05,6.55,13.0,19.48,0.39,19.78,36.9,11.72,62.95,0.05,Jizzax,
11,1961.0,370.75,20.15,7.3,14.14,21.01,-0.43,27.52,49.61,20.03,56.52,0.07,Jizzax,
12,1962.0,390.61,20.26,7.07,13.66,20.29,-0.74,19.51,43.82,11.83,59.56,0.08,Jizzax,
13,1963.0,448.23,20.36,7.74,14.43,21.18,0.17,25.89,49.42,10.76,61.07,0.05,Jizzax,
14,1964.0,439.27,20.42,6.03,12.57,19.14,1.38,33.7,59.82,19.13,61.11,0.03,Jizzax,
15,1965.0,381.7,20.41,7.47,14.0,20.58,0.12,38.11,50.05,22.2,60.39,0.05,Jizzax,
16,1966.0,352.67,20.32,7.78,14.32,20.91,-0.66,24.2,43.9,9.83,59.36,0.08,Jizzax,
17,1967.0,410.12,20.17,7.34,13.66,20.04,-0.29,27.83,47.68,14.17,61.9,0.05,Jizzax,
18,1968.0,460.73,19.98,7.44,13.72,20.02,0.47,21.36,40.78,8.36,62.17,0.07,Jizzax,
19,1969.0,767.72,19.81,6.19,12.15,18.15,2.3,37.29,83.76,25.49,67.17,0.03,Jizzax,
20,1970.0,374.85,19.67,7.42,14.09,20.79,0.73,23.14,45.55,13.56,61.06,0.04,Jizzax,
21,1971.0,254.46,19.61,7.57,14.4,21.28,-1.06,21.61,44.41,10.07,57.81,0.05,Jizzax,
22,1972.0,478.85,19.64,5.54,11.72,17.92,-0.15,17.75,37.67,6.24,62.8,0.01,Jizzax,
23,1973.0,356.25,19.72,7.28,13.81,20.37,0.46,26.24,54.16,17.75,60.63,0.06,Jizzax,
24,1974.0,322.75,19.84,6.6,12.9,19.24,-0.43,27.49,48.33,12.24,60.14,0.06,Jizzax,
25,1975.0,318.18,19.96,7.3,13.78,20.3,-1.31,23.53,39.63,14.25,56.37,0.1,Jizzax,
26,1976.0,435.04,20.06,7.17,13.3,19.47,-0.35,23.17,45.61,10.29,62.42,0.06,Jizzax,
27,1977.0,457.16,20.11,8.05,14.19,20.37,-0.71,32.98,70.89,11.72,61.91,0.09,Jizzax,
28,1978.0,441.11,20.14,7.65,13.86,20.11,0.7,23.92,37.72,10.84,63.43,0.04,Jizzax,
29,1979.0,454.68,20.16,7.93,14.17,20.46,0.93,27.15,52.66,17.14,63.03,0.07,Jizzax,
30,1980.0,375.74,20.17,7.9,14.18,20.5,-0.15,18.84,35.94,8.16,62.92,0.07,Jizzax,
31,1981.0,473.08,20.21,8.32,14.44,20.62,0.51,17.45,37.72,8.78,63.56,0.04,Jizzax,
32,1982.0,401.45,20.27,7.3,13.42,19.58,-0.23,17.56,36.74,6.69,61.87,0.04,Jizzax,
33,1983.0,337.87,20.36,8.18,14.65,21.17,-0.51,18.91,35.88,8.94,59.41,0.1,Jizzax,
34,1984.0,413.39,20.45,6.93,13.08,19.27,-0.22,22.41,38.74,12.95,62.22,0.09,Jizzax,
35,1985.0,352.57,20.51,7.53,13.86,20.23,0.29,18.93,39.5,8.78,61.45,0.06,Jizzax,
36,1986.0,287.7,20.53,7.81,14.13,20.5,-0.84,18.14,34.17,9.03,60.27,0.04,Jizzax,
37,1987.0,540.35,20.49,7.99,14.12,20.3,0.71,26.35,66.53,18.0,64.25,0.05,Jizzax,
38,1988.0,371.44,20.38,8.33,14.73,21.17,0.65,19.09,43.41,7.62,62.66,0.08,Jizzax,
39,1989.0,325.94,20.25,7.24,13.77,20.35,-0.52,23.97,56.66,11.23,60.23,0.06,Jizzax,
40,1990.0,429.72,20.13,8.13,14.44,20.78,0.16,17.38,39.64,4.71,63.08,0.07,Jizzax,
41,1991.0,514.76,20.04,7.97,14.01,20.1,0.38,21.65,60.89,10.36,64.05,0.04,Jizzax,
42,1992.0,506.59,20.04,7.79,13.77,19.81,0.98,19.52,40.86,7.47,64.45,0.03,Jizzax,
43,1993.0,666.91,20.13,7.19,13.09,19.02,1.17,33.57,64.36,13.47,65.75,0.04,Jizzax,
44,1994.0,432.54,20.29,7.57,13.8,20.08,0.61,21.83,48.99,14.41,63.04,0.06,Jizzax,
45,1995.0,300.36,20.49,8.18,14.88,21.62,-0.46,19.05,33.46,6.19,60.67,0.08,Jizzax,
46,1996.0,313.75,20.71,7.12,13.59,20.09,-0.59,22.92,48.84,10.8,61.23,0.06,Jizzax,
47,1997.0,472.99,20.91,8.28,14.79,21.33,-0.2,20.07,38.54,12.84,63.21,0.11,Jizzax,
48,1998.0,617.69,21.06,8.13,14.34,20.58,1.01,29.58,66.37,16.1,65.07,0.08,Jizzax,
49,1999.0,473.32,21.15,8.74,15.0,21.31,0.05,22.16,35.76,12.47,61.55,0.07,Jizzax,
50,2000.0,345.16,21.21,8.53,14.93,21.37,-1.22,20.2,30.59,8.92,60.64,0.07,Jizzax,
51,2001.0,328.79,21.23,8.6,15.07,21.58,-1.63,19.43,29.72,7.42,59.89,0.08,Jizzax,
52,2002.0,542.82,21.24,8.53,14.93,21.38,0.68,30.25,61.34,20.37,64.72,0.09,Jizzax,
53,2003.0,564.58,21.23,8.37,14.29,20.26,1.03,20.91,54.1,11.44,65.54,0.06,Jizzax,
54,2004.0,489.98,21.21,9.23,15.38,21.57,0.39,25.2,62.31,16.94,62.71,0.08,Jizzax,
55,2005.0,431.47,21.19,8.7,14.96,21.26,0.26,21.6,51.34,8.97,60.86,0.11,Jizzax,
56,2006.0,410.77,21.17,8.69,14.91,21.18,-1.38,20.8,37.35,10.95,60.66,0.08,Jizzax,
57,2007.0,413.92,21.15,8.6,14.97,21.39,-0.9,20.37,61.67,9.57,61.18,0.08,Jizzax,
58,2008.0,370.7,21.14,8.03,14.39,20.8,-1.45,19.08,35.35,8.92,61.14,0.12,Jizzax,
59,2009.0,539.4,21.13,8.71,14.85,21.03,0.25,21.82,42.06,13.97,62.78,0.05,Jizzax,
60,2010.0,399.15,21.12,9.08,15.48,21.91,0.24,21.21,36.04,10.35,61.43,0.09,Jizzax,
61,2011.0,447.78,21.13,8.31,14.5,20.73,-1.64,21.41,55.86,8.12,60.81,0.12,Jizzax,
62,2012.0,440.19,21.16,7.88,14.19,20.54,-0.3,16.23,37.59,5.78,59.71,0.1,Jizzax,
63,2013.0,464.91,21.21,9.0,15.36,21.76,-0.91,21.83,37.78,12.38,58.75,0.11,Jizzax,
64,2014.0,444.87,21.29,7.47,14.12,20.79,-0.77,18.79,41.55,6.76,59.34,0.11,Jizzax,
65,2015.0,490.83,21.39,9.07,15.3,21.56,-0.36,19.77,48.22,8.42,60.5,0.14,Jizzax,
66,2016.0,466.41,21.5,9.32,15.71,22.16,-0.75,18.86,38.71,7.51,60.94,0.09,Jizzax,
67,2017.0,362.48,21.62,8.49,14.93,21.42,-0.12,29.71,61.91,10.18,58.71,0.11,Jizzax,
68,2018.0,371.85,21.73,8.58,15.06,21.58,-1.72,33.53,39.74,15.33,58.38,0.13,Jizzax,
69,2019.0,495.92,21.84,9.15,15.61,22.11,0.0,26.9,53.32,12.45,60.12,0.15,Jizzax,
70,2020.0,416.29,21.93,8.2,14.57,20.98,-0.38,25.98,61.86,15.43,60.09,0.09,Jizzax,
71,2021.0,293.42,22.0,8.96,15.71,22.51,-1.78,28.93,56.87,16.83,54.76,0.2,Jizzax,
72,2022.0,542.58,22.07,10.13,15.96,21.85,-1.21,24.21,64.49,12.89,60.87,0.13,Jizzax,
73,2023.0,325.33,22.13,10.12,16.51,22.93,-1.47,21.87,45.95,13.24,56.94,0.18,Jizzax,
74,2024.0,504.88,22.19,9.55,15.61,21.71,-0.95,21.96,38.43,12.65,60.7,0.14,Jizzax,
0,1950.0,341.13,15.49,2.07,8.59,15.13,0.0109459459459459,16.67,48.67,6.31,51.95,0.06,Namangan,
1,1951.0,526.57,15.52,3.07,9.22,15.4,-0.12,16.6,47.59,4.9,57.17,0.03,Namangan,
2,1952.0,519.78,15.58,3.48,9.59,15.73,0.58,20.06,42.73,9.17,53.92,0.05,Namangan,
3,1953.0,701.04,15.67,3.74,9.74,15.78,0.01,20.18,45.01,10.47,55.63,0.07,Namangan,
4,1954.0,505.19,15.75,2.46,8.66,14.86,1.41,19.73,68.41,7.94,56.14,0.01,Namangan,
5,1955.0,387.41,15.81,3.95,10.56,17.2,-0.27,24.41,62.62,15.01,49.89,0.1,Namangan,
6,1956.0,423.05,15.85,3.19,9.7,16.23,-0.17,20.52,51.67,9.32,50.87,0.14,Namangan,
7,1957.0,412.86,15.87,2.36,8.62,14.9,-0.48,15.6,32.95,4.13,55.73,0.02,Namangan,
8,1958.0,632.89,15.89,3.91,10.04,16.21,0.76,25.44,59.35,12.27,54.98,0.08,Namangan,
9,1959.0,523.97,15.93,3.39,9.44,15.51,0.73,28.01,61.81,12.63,54.81,0.05,Namangan,
10,1960.0,518.63,15.99,3.07,9.24,15.43,0.53,19.39,51.51,12.91,53.97,0.06,Namangan,
11,1961.0,296.95,16.08,4.03,10.43,16.85,-1.08,11.45,26.51,2.87,49.29,0.09,Namangan,
12,1962.0,423.36,16.18,3.81,10.02,16.25,-1.37,18.45,44.99,6.89,50.64,0.09,Namangan,
13,1963.0,567.42,16.27,4.44,10.75,17.1,0.29,19.52,47.35,11.27,53.12,0.05,Namangan,
14,1964.0,440.86,16.31,2.69,8.86,15.05,0.94,19.33,39.33,11.26,53.87,0.03,Namangan,
15,1965.0,414.18,16.3,4.13,10.32,16.55,-0.3,27.36,52.41,12.35,51.3,0.07,Namangan,
16,1966.0,516.69,16.22,4.34,10.53,16.74,-0.03,21.97,46.29,7.98,52.91,0.09,Namangan,
17,1967.0,465.7,16.07,4.03,9.95,15.9,-0.65,19.5,48.41,11.23,52.9,0.07,Namangan,
18,1968.0,489.42,15.9,3.94,9.93,15.95,-0.08,16.58,44.69,5.87,53.7,0.11,Namangan,
19,1969.0,941.92,15.73,2.69,8.42,14.15,2.16,23.11,64.96,18.97,63.23,0.03,Namangan,
20,1970.0,408.09,15.61,4.09,10.34,16.62,0.5,18.69,43.69,8.22,53.34,0.07,Namangan,
21,1971.0,249.31,15.56,4.18,10.66,17.17,-1.35,15.51,30.34,3.75,49.49,0.11,Namangan,
22,1972.0,554.14,15.59,2.15,8.03,13.94,-0.37,21.32,49.96,7.43,55.77,0.02,Namangan,
23,1973.0,381.1,15.67,3.89,10.12,16.37,0.29,16.98,47.39,7.57,52.34,0.11,Namangan,
24,1974.0,420.68,15.79,3.24,9.19,15.17,-1.14,13.03,27.8,1.95,53.28,0.07,Namangan,
25,1975.0,301.99,15.91,3.99,10.13,16.3,-1.11,16.64,33.99,3.79,50.53,0.12,Namangan,
26,1976.0,482.98,16.01,3.89,9.61,15.37,-0.38,20.05,47.15,10.22,56.85,0.09,Namangan,
27,1977.0,634.23,16.07,4.54,10.47,16.42,-0.46,37.75,98.94,23.71,55.54,0.09,Namangan,
28,1978.0,486.96,16.11,4.28,10.15,16.05,0.13,14.55,31.92,4.59,54.82,0.12,Namangan,
29,1979.0,483.35,16.14,4.52,10.43,16.36,0.01,25.65,60.15,16.18,53.74,0.11,Namangan,
30,1980.0,480.75,16.16,4.57,10.49,16.44,-0.19,18.56,40.38,9.93,55.96,0.07,Namangan,
31,1981.0,574.92,16.19,4.91,10.69,16.49,0.32,18.2,36.42,8.22,58.34,0.04,Namangan,
32,1982.0,397.24,16.24,4.0,9.81,15.65,-0.6,16.66,32.77,9.68,52.8,0.08,Namangan,
33,1983.0,393.12,16.3,4.8,10.95,17.14,-0.56,15.29,34.6,3.63,53.08,0.11,Namangan,
34,1984.0,520.88,16.36,3.52,9.38,15.28,-0.44,19.95,41.79,10.92,54.44,0.15,Namangan,
35,1985.0,439.1,16.39,4.1,10.11,16.13,0.17,16.05,35.44,7.13,54.51,0.06,Namangan,
36,1986.0,405.86,16.4,4.5,10.44,16.4,-1.11,18.09,39.67,7.25,53.7,0.07,Namangan,
37,1987.0,670.78,16.36,4.68,10.38,16.09,0.85,23.4,59.11,14.32,60.18,0.05,Namangan,
38,1988.0,447.51,16.27,5.01,11.0,17.03,0.99,15.63,37.25,5.06,55.88,0.11,Namangan,
39,1989.0,390.85,16.17,3.92,10.0,16.12,-0.6,28.43,60.7,9.73,54.19,0.05,Namangan,
40,1990.0,517.32,16.07,4.87,10.79,16.73,0.51,21.64,45.18,9.83,57.56,0.12,Namangan,
41,1991.0,525.16,16.0,4.5,10.34,16.19,0.03,23.41,65.68,6.29,58.21,0.05,Namangan,
42,1992.0,465.45,15.99,4.53,10.19,15.87,0.97,24.19,55.03,10.55,59.05,0.03,Namangan,
43,1993.0,766.23,16.04,3.81,9.35,14.91,1.14,22.21,66.07,15.74,61.61,0.03,Namangan,
44,1994.0,504.99,16.16,4.21,10.07,15.96,1.14,19.22,45.49,14.54,57.48,0.08,Namangan,
45,1995.0,268.39,16.31,4.73,10.98,17.27,-0.47,15.05,25.07,4.97,53.61,0.07,Namangan,
46,1996.0,488.34,16.48,3.81,9.78,15.77,0.08,21.92,45.42,13.22,57.44,0.07,Namangan,
47,1997.0,400.83,16.65,4.97,11.08,17.21,-0.62,16.43,32.64,5.44,55.52,0.14,Namangan,
48,1998.0,830.96,16.8,4.88,10.63,16.41,0.84,24.85,61.09,12.42,59.81,0.07,Namangan,
49,1999.0,583.57,16.92,5.38,11.24,17.11,0.92,23.92,40.17,10.38,57.55,0.04,Namangan,
50,2000.0,403.86,17.01,5.21,11.12,17.05,-0.25,23.81,47.85,8.14,54.34,0.07,Namangan,
51,2001.0,413.91,17.08,5.3,11.4,17.52,-0.51,17.63,40.73,5.85,54.43,0.07,Namangan,
52,2002.0,645.22,17.12,5.33,11.24,17.18,0.45,14.49,36.11,4.9,57.16,0.09,Namangan,
53,2003.0,692.04,17.14,5.12,10.64,16.2,0.86,22.98,61.64,9.7,58.88,0.1,Namangan,
54,2004.0,547.84,17.13,6.02,11.71,17.44,0.44,27.59,57.98,12.43,57.1,0.09,Namangan,
55,2005.0,463.24,17.11,5.53,11.32,17.13,0.66,20.37,50.43,11.7,56.53,0.09,Namangan,
56,2006.0,473.52,17.08,5.44,11.29,17.19,-0.15,20.05,47.32,9.32,57.43,0.09,Namangan,
57,2007.0,478.89,17.04,5.39,11.33,17.28,-0.43,21.37,62.65,9.67,55.51,0.08,Namangan,
58,2008.0,388.73,17.01,5.01,10.82,16.66,-1.24,22.17,48.53,12.3,54.81,0.15,Namangan,
59,2009.0,519.36,16.99,5.47,11.21,16.97,-0.06,15.36,37.45,6.32,56.34,0.05,Namangan,
60,2010.0,548.22,16.98,5.97,11.8,17.66,0.95,19.8,47.4,9.17,58.92,0.04,Namangan,
61,2011.0,506.42,17.0,5.13,10.85,16.61,-0.64,22.29,61.49,8.45,56.25,0.11,Namangan,
62,2012.0,395.53,17.05,4.52,10.49,16.48,0.46,16.6,45.2,5.92,55.41,0.07,Namangan,
63,2013.0,450.94,17.14,5.8,11.72,17.68,-0.66,16.08,30.52,8.1,55.2,0.1,Namangan,
64,2014.0,485.03,17.28,4.19,10.41,16.66,-0.42,18.18,40.43,6.36,53.55,0.12,Namangan,
65,2015.0,587.38,17.44,5.85,11.68,17.54,-0.21,21.77,40.06,8.05,57.9,0.12,Namangan,
66,2016.0,595.71,17.63,5.72,12.03,18.38,0.29,20.27,47.27,9.51,56.5,0.1,Namangan,
67,2017.0,493.34,17.81,4.78,11.27,17.8,0.96,23.1,46.44,10.65,55.06,0.1,Namangan,
68,2018.0,463.57,17.97,4.64,11.27,17.93,0.03,17.63,52.38,10.53,56.07,0.11,Namangan,
69,2019.0,452.01,18.1,5.62,11.96,18.32,0.23,19.7,46.89,8.79,55.57,0.13,Namangan,
70,2020.0,445.51,18.18,4.67,10.93,17.21,-0.37,17.66,45.35,6.52,54.71,0.05,Namangan,
71,2021.0,360.54,18.23,5.49,12.0,18.54,-0.37,20.3,44.81,12.88,50.89,0.09,Namangan,
72,2022.0,596.95,18.24,6.63,12.3,18.0,-0.5,25.33,62.76,7.01,53.81,0.17,Namangan,
73,2023.0,377.9,18.24,6.63,12.79,18.99,-0.57,21.58,54.86,15.49,52.27,0.15,Namangan,
74,2024.0,552.88,18.23,6.01,11.93,17.89,-0.49,35.84,66.35,17.52,57.74,0.1,Namangan,
0,1950.0,98.85,19.0,5.21,11.85,18.51,-0.1633783783783783,10.29,16.38,3.76,45.66,0.03,Navoiy,
1,1951.0,118.64,19.01,6.54,12.74,18.97,-0.1,8.93,17.06,2.17,45.63,0.05,Navoiy,
2,1952.0,168.84,19.05,6.73,12.93,19.15,0.43,13.32,23.22,3.25,45.61,0.11,Navoiy,
3,1953.0,184.14,19.11,7.41,13.34,19.31,0.6,14.66,23.03,5.98,49.96,0.06,Navoiy,
4,1954.0,147.26,19.17,6.02,12.13,18.27,2.01,20.13,35.16,15.9,49.91,0.03,Navoiy,
5,1955.0,105.77,19.22,7.52,14.15,20.81,-0.5,8.33,14.68,0.66,42.65,0.14,Navoiy,
6,1956.0,137.42,19.26,6.76,12.97,19.2,0.48,15.03,25.2,4.73,45.54,0.09,Navoiy,
7,1957.0,131.55,19.3,6.17,12.34,18.54,0.28,11.2,20.06,1.05,48.12,0.04,Navoiy,
8,1958.0,169.08,19.35,7.52,13.64,19.8,0.54,10.66,17.56,0.8,47.92,0.06,Navoiy,
9,1959.0,141.68,19.41,6.68,12.66,18.65,1.08,12.54,22.74,4.51,50.18,0.03,Navoiy,
10,1960.0,126.32,19.51,6.56,12.78,19.03,0.31,8.18,12.68,1.21,48.14,0.07,Navoiy,
11,1961.0,126.87,19.63,7.59,14.1,20.64,-0.42,16.22,27.77,7.71,46.24,0.08,Navoiy,
12,1962.0,154.6,19.77,7.29,13.56,19.88,-0.04,14.03,17.04,4.99,48.68,0.09,Navoiy,
13,1963.0,146.99,19.89,7.95,14.24,20.56,-0.14,13.69,20.95,4.19,48.11,0.06,Navoiy,
14,1964.0,162.37,19.97,6.32,12.49,18.7,1.4,18.02,26.9,9.83,50.35,0.05,Navoiy,
15,1965.0,109.54,19.98,7.48,13.77,20.09,0.24,11.07,18.76,2.75,47.33,0.08,Navoiy,
16,1966.0,119.83,19.9,7.77,14.1,20.46,-0.62,8.64,16.24,0.13,45.3,0.13,Navoiy,
17,1967.0,172.22,19.76,7.43,13.55,19.71,0.13,11.45,19.7,1.01,50.64,0.08,Navoiy,
18,1968.0,139.39,19.59,7.27,13.48,19.73,0.18,11.22,18.82,0.26,48.39,0.09,Navoiy,
19,1969.0,256.65,19.42,6.05,11.93,17.84,1.75,19.36,33.76,6.44,55.27,0.07,Navoiy,
20,1970.0,132.35,19.29,7.38,13.77,20.2,0.68,13.4,21.63,5.05,49.21,0.06,Navoiy,
21,1971.0,98.89,19.24,7.73,14.24,20.79,-0.44,7.16,12.13,0.0,47.06,0.07,Navoiy,
22,1972.0,152.34,19.28,5.42,11.53,17.66,0.38,13.02,23.33,4.02,50.08,0.02,Navoiy,
23,1973.0,162.58,19.36,7.42,13.64,19.9,0.36,11.9,17.77,1.01,49.82,0.11,Navoiy,
24,1974.0,130.58,19.48,6.48,12.73,18.99,0.04,12.09,19.5,1.88,45.58,0.09,Navoiy,
25,1975.0,100.94,19.6,7.47,13.86,20.29,-0.59,10.33,19.8,2.46,45.0,0.14,Navoiy,
26,1976.0,159.05,19.69,6.82,12.84,18.88,-0.18,15.17,24.31,6.84,51.09,0.12,Navoiy,
27,1977.0,139.25,19.74,7.77,13.88,20.03,-0.27,8.57,15.06,0.05,50.56,0.11,Navoiy,
28,1978.0,224.02,19.75,7.45,13.49,19.57,1.19,15.03,25.25,9.65,53.09,0.1,Navoiy,
29,1979.0,163.62,19.76,7.74,13.95,20.2,1.24,14.45,25.31,4.02,50.58,0.13,Navoiy,
30,1980.0,179.09,19.77,7.53,13.65,19.79,0.25,13.97,17.03,3.24,52.66,0.12,Navoiy,
31,1981.0,222.33,19.81,8.33,14.22,20.14,1.55,17.59,29.12,7.62,54.88,0.06,Navoiy,
32,1982.0,158.14,19.88,7.12,13.19,19.29,0.73,11.72,17.28,7.22,52.49,0.05,Navoiy,
33,1983.0,128.38,19.99,8.48,14.77,21.11,-0.27,12.09,17.88,1.67,49.15,0.18,Navoiy,
34,1984.0,145.45,20.1,6.67,12.78,18.91,0.2,15.58,27.21,7.64,48.68,0.19,Navoiy,
35,1985.0,132.97,20.19,7.37,13.65,19.96,0.03,13.35,20.04,5.0,49.16,0.12,Navoiy,
36,1986.0,128.67,20.22,7.54,13.82,20.13,-0.68,10.5,20.93,1.03,48.03,0.09,Navoiy,
37,1987.0,170.38,20.18,7.59,13.73,19.9,0.36,11.08,20.17,3.65,49.85,0.1,Navoiy,
38,1988.0,162.38,20.07,8.15,14.35,20.58,0.57,13.8,24.21,6.02,51.2,0.11,Navoiy,
39,1989.0,136.41,19.92,7.41,13.76,20.15,0.11,9.96,24.55,0.22,49.52,0.08,Navoiy,
40,1990.0,140.11,19.78,8.13,14.3,20.51,-0.2,8.66,15.27,0.48,50.49,0.11,Navoiy,
41,1991.0,182.94,19.69,7.95,13.95,19.97,0.39,20.49,34.91,12.04,50.78,0.08,Navoiy,
42,1992.0,187.97,19.69,7.56,13.43,19.33,1.1,12.3,23.34,2.0,52.9,0.06,Navoiy,
43,1993.0,174.25,19.8,7.01,12.85,18.73,0.59,11.36,21.92,0.53,51.14,0.09,Navoiy,
44,1994.0,149.61,19.99,7.2,13.4,19.63,0.53,14.91,22.19,3.05,50.94,0.07,Navoiy,
45,1995.0,89.85,20.22,8.29,14.87,21.47,-0.55,7.07,13.13,0.46,46.92,0.12,Navoiy,
46,1996.0,90.66,20.47,6.81,13.27,19.76,-0.93,10.56,15.54,0.27,44.89,0.09,Navoiy,
47,1997.0,167.87,20.68,8.16,14.57,21.01,-0.26,13.74,29.58,2.58,47.76,0.14,Navoiy,
48,1998.0,179.74,20.82,7.79,14.05,20.34,0.67,12.25,23.27,0.99,50.23,0.12,Navoiy,
49,1999.0,133.14,20.91,8.54,14.91,21.31,-0.78,10.91,14.69,0.5,47.3,0.11,Navoiy,
50,2000.0,112.29,20.94,8.39,14.76,21.17,-1.45,7.8,14.51,0.26,48.01,0.12,Navoiy,
51,2001.0,116.96,20.93,8.56,14.82,21.13,-1.67,8.11,12.59,0.64,47.76,0.09,Navoiy,
52,2002.0,180.42,20.91,8.61,14.81,21.04,0.28,19.78,34.24,8.42,50.75,0.15,Navoiy,
53,2003.0,230.0,20.89,8.27,14.0,19.77,1.18,13.6,24.95,2.9,54.19,0.1,Navoiy,
54,2004.0,174.28,20.88,9.19,15.24,21.32,-0.24,14.24,23.31,6.9,49.34,0.11,Navoiy,
55,2005.0,160.76,20.86,8.72,14.86,21.04,-0.09,14.33,25.29,4.76,48.77,0.18,Navoiy,
56,2006.0,135.22,20.85,8.55,14.68,20.84,-1.23,8.52,14.63,0.41,47.67,0.12,Navoiy,
57,2007.0,138.37,20.83,8.5,14.76,21.06,-1.18,12.76,24.64,2.87,47.09,0.14,Navoiy,
58,2008.0,106.54,20.81,7.92,14.19,20.49,-1.97,5.88,11.16,0.93,47.7,0.19,Navoiy,
59,2009.0,159.9,20.77,8.62,14.58,20.57,-0.82,12.81,18.02,1.86,50.08,0.07,Navoiy,
60,2010.0,103.83,20.73,8.97,15.28,21.62,-1.03,13.43,20.76,4.09,45.44,0.18,Navoiy,
61,2011.0,142.81,20.7,7.93,14.01,20.12,-1.98,14.93,28.41,7.41,46.01,0.17,Navoiy,
62,2012.0,131.46,20.69,7.8,13.97,20.18,-0.72,10.62,17.96,1.39,44.49,0.17,Navoiy,
63,2013.0,177.17,20.69,9.13,15.28,21.46,-1.41,14.38,21.97,3.31,45.93,0.12,Navoiy,
64,2014.0,141.37,20.73,7.49,13.77,20.07,-0.6,16.68,24.33,6.46,46.4,0.16,Navoiy,
65,2015.0,184.29,20.81,9.19,15.08,21.01,-0.82,13.99,27.62,2.73,48.74,0.22,Navoiy,
66,2016.0,201.6,20.9,9.44,15.45,21.49,-0.67,11.4,16.28,4.79,48.76,0.1,Navoiy,
67,2017.0,152.36,21.01,8.57,14.71,20.88,-0.33,9.54,20.06,1.68,46.97,0.16,Navoiy,
68,2018.0,134.75,21.12,8.43,14.6,20.8,-1.61,11.66,19.23,5.0,45.58,0.17,Navoiy,
69,2019.0,165.85,21.23,9.33,15.36,21.43,-0.7,9.91,17.96,1.12,47.19,0.21,Navoiy,
70,2020.0,132.05,21.34,8.38,14.44,20.54,-1.28,21.56,31.01,15.11,47.42,0.15,Navoiy,
71,2021.0,92.52,21.44,9.11,15.52,21.97,-1.88,13.71,21.52,1.91,43.85,0.25,Navoiy,
72,2022.0,144.79,21.54,9.87,15.59,21.35,-1.6,15.16,28.75,4.69,48.92,0.18,Navoiy,
73,2023.0,108.8,21.63,10.15,16.37,22.62,-2.42,8.38,13.67,2.8,43.85,0.19,Navoiy,
74,2024.0,141.59,21.73,9.59,15.3,21.04,-1.28,12.51,19.02,6.48,47.96,0.12,Navoiy,
0,1950.0,73.1,16.54,3.38,9.52,15.67,-0.2656756756756757,5.23,7.9,0.63,50.97,0.05,Qaraqalpogiston,
1,1951.0,100.84,16.56,4.58,10.6,16.64,-0.44,10.14,15.11,0.17,51.24,0.07,Qaraqalpogiston,
2,1952.0,126.76,16.6,4.69,10.63,16.59,0.47,14.62,25.22,5.25,51.61,0.13,Qaraqalpogiston,
3,1953.0,117.89,16.64,5.42,11.13,16.85,-0.07,8.85,13.29,0.24,54.16,0.06,Qaraqalpogiston,
4,1954.0,90.83,16.68,3.93,9.9,15.88,1.15,10.42,16.1,2.18,55.65,0.05,Qaraqalpogiston,
5,1955.0,75.19,16.71,5.6,11.94,18.31,-0.86,12.77,21.15,5.3,48.68,0.15,Qaraqalpogiston,
6,1956.0,92.43,16.73,4.47,10.33,16.2,0.12,9.8,14.93,3.03,52.66,0.09,Qaraqalpogiston,
7,1957.0,84.63,16.76,4.77,10.88,17.02,-0.37,9.26,11.48,3.37,51.38,0.03,Qaraqalpogiston,
8,1958.0,134.27,16.8,5.58,11.26,16.97,0.35,12.23,22.61,7.38,54.61,0.05,Qaraqalpogiston,
9,1959.0,101.02,16.87,4.16,9.84,15.54,0.85,8.28,15.11,0.24,56.72,0.05,Qaraqalpogiston,
10,1960.0,77.07,16.98,4.26,10.33,16.42,0.46,10.61,15.0,3.11,54.83,0.08,Qaraqalpogiston,
11,1961.0,74.06,17.13,5.9,12.12,18.37,-0.75,8.08,13.75,2.22,54.58,0.09,Qaraqalpogiston,
12,1962.0,104.11,17.29,5.75,11.78,17.85,-0.4,7.02,10.11,0.0,55.95,0.12,Qaraqalpogiston,
13,1963.0,137.37,17.45,6.0,11.9,17.84,0.15,9.7,19.21,2.29,57.35,0.04,Qaraqalpogiston,
14,1964.0,117.97,17.56,4.5,10.4,16.33,1.5,8.55,13.34,0.25,58.28,0.07,Qaraqalpogiston,
15,1965.0,104.05,17.61,5.48,11.48,17.52,0.34,7.51,12.3,0.71,57.01,0.07,Qaraqalpogiston,
16,1966.0,114.86,17.57,5.59,11.93,18.29,-0.66,11.92,14.83,5.82,53.16,0.12,Qaraqalpogiston,
17,1967.0,127.63,17.45,5.37,11.49,17.63,0.15,14.52,21.31,5.57,58.78,0.06,Qaraqalpogiston,
18,1968.0,100.05,17.31,4.86,11.11,17.38,-0.25,11.12,13.8,1.93,54.74,0.07,Qaraqalpogiston,
19,1969.0,171.14,17.15,3.9,9.64,15.4,0.87,16.96,28.45,9.51,58.75,0.07,Qaraqalpogiston,
20,1970.0,77.16,17.03,5.13,11.34,17.57,0.24,8.62,13.02,0.66,55.2,0.05,Qaraqalpogiston,
21,1971.0,76.12,16.97,5.69,12.01,18.36,-0.4,7.78,10.62,0.63,55.77,0.06,Qaraqalpogiston,
22,1972.0,72.54,16.98,3.47,9.77,16.09,-0.08,8.1,13.07,1.54,54.92,0.05,Qaraqalpogiston,
23,1973.0,156.85,17.05,5.43,11.26,17.12,0.56,12.32,22.67,4.06,59.43,0.11,Qaraqalpogiston,
24,1974.0,78.96,17.14,4.51,10.76,17.03,0.05,7.03,11.48,0.0,54.13,0.07,Qaraqalpogiston,
25,1975.0,59.88,17.25,5.81,12.12,18.45,-0.97,7.89,12.22,0.0,52.42,0.16,Qaraqalpogiston,
26,1976.0,104.95,17.34,4.45,10.26,16.09,0.08,11.98,20.91,3.25,58.9,0.11,Qaraqalpogiston,
27,1977.0,90.78,17.42,5.58,11.54,17.52,-0.14,7.69,9.25,1.55,57.54,0.1,Qaraqalpogiston,
28,1978.0,173.63,17.47,5.27,11.18,17.11,0.74,12.95,20.4,3.06,59.58,0.09,Qaraqalpogiston,
29,1979.0,112.73,17.52,6.2,12.26,18.35,0.8,17.13,23.39,9.92,57.03,0.12,Qaraqalpogiston,
30,1980.0,145.64,17.58,5.06,10.99,16.93,0.42,10.17,16.72,3.99,61.24,0.11,Qaraqalpogiston,
31,1981.0,187.78,17.64,6.55,12.28,18.04,1.53,17.38,29.12,6.11,61.13,0.07,Qaraqalpogiston,
32,1982.0,118.52,17.74,4.9,11.17,17.46,0.47,8.75,13.1,2.35,59.46,0.04,Qaraqalpogiston,
33,1983.0,126.3,17.84,6.98,13.1,19.25,0.44,9.06,18.24,2.76,58.86,0.18,Qaraqalpogiston,
34,1984.0,90.86,17.93,4.43,10.64,16.88,0.01,13.88,18.71,11.59,56.0,0.2,Qaraqalpogiston,
35,1985.0,114.9,18.01,5.21,11.43,17.68,0.14,12.68,24.76,2.76,57.01,0.11,Qaraqalpogiston,
36,1986.0,96.87,18.03,5.32,11.59,17.9,-0.48,10.93,19.27,1.13,55.15,0.11,Qaraqalpogiston,
37,1987.0,147.99,18.0,5.0,11.04,17.11,1.1,13.05,20.52,2.66,60.12,0.11,Qaraqalpogiston,
38,1988.0,146.4,17.9,5.72,11.91,18.11,0.65,11.82,25.56,3.39,59.48,0.11,Qaraqalpogiston,
39,1989.0,111.92,17.78,5.8,12.23,18.69,0.59,19.96,27.38,10.65,58.01,0.11,Qaraqalpogiston,
40,1990.0,142.22,17.68,6.1,12.33,18.6,-0.26,15.04,20.27,6.31,58.35,0.1,Qaraqalpogiston,
41,1991.0,126.29,17.61,5.91,12.07,18.27,0.61,13.1,28.72,5.49,58.37,0.1,Qaraqalpogiston,
42,1992.0,146.37,17.63,5.14,11.04,16.97,0.74,11.05,18.79,4.49,59.74,0.05,Qaraqalpogiston,
43,1993.0,140.34,17.74,4.82,10.75,16.7,1.15,17.51,28.41,7.93,60.12,0.09,Qaraqalpogiston,
44,1994.0,156.22,17.92,4.59,10.77,16.97,1.41,19.95,23.13,9.05,60.01,0.04,Qaraqalpogiston,
45,1995.0,90.56,18.15,6.56,13.07,19.62,0.11,11.45,15.9,3.92,55.39,0.11,Qaraqalpogiston,
46,1996.0,62.28,18.39,4.29,10.89,17.51,-0.55,11.1,11.32,12.25,53.64,0.11,Qaraqalpogiston,
47,1997.0,100.98,18.61,5.71,12.32,18.96,-0.47,15.89,24.94,4.95,54.02,0.12,Qaraqalpogiston,
48,1998.0,114.46,18.77,5.44,11.9,18.39,-0.03,14.06,22.4,5.82,55.73,0.17,Qaraqalpogiston,
49,1999.0,119.09,18.88,6.13,12.86,19.63,-0.97,8.02,11.84,0.57,55.68,0.14,Qaraqalpogiston,
50,2000.0,112.42,18.95,6.3,12.76,19.24,-0.79,7.28,12.61,0.23,56.55,0.14,Qaraqalpogiston,
51,2001.0,123.02,18.99,6.31,12.72,19.17,-1.04,11.23,13.67,6.05,54.17,0.1,Qaraqalpogiston,
52,2002.0,139.81,19.0,6.59,12.73,18.89,0.35,16.59,27.07,5.01,56.8,0.16,Qaraqalpogiston,
53,2003.0,181.81,19.01,5.92,11.77,17.64,1.02,13.48,20.17,5.29,59.25,0.1,Qaraqalpogiston,
54,2004.0,146.08,19.01,7.22,13.36,19.54,-0.07,11.82,14.87,5.48,54.92,0.08,Qaraqalpogiston,
55,2005.0,120.32,19.01,6.8,13.1,19.42,-1.17,11.52,17.06,9.2,53.29,0.19,Qaraqalpogiston,
56,2006.0,134.86,19.01,6.27,12.57,18.9,-1.25,10.62,13.53,3.19,54.54,0.2,Qaraqalpogiston,
57,2007.0,114.29,18.99,6.49,12.82,19.18,-1.16,8.55,16.79,0.0,53.69,0.14,Qaraqalpogiston,
58,2008.0,105.38,18.96,5.9,12.42,18.97,-2.11,7.31,11.78,0.28,52.78,0.19,Qaraqalpogiston,
59,2009.0,125.42,18.93,6.32,12.43,18.57,-1.2,7.72,12.68,0.25,55.68,0.1,Qaraqalpogiston,
60,2010.0,106.55,18.89,6.85,13.28,19.75,-0.91,8.14,14.02,1.27,52.33,0.26,Qaraqalpogiston,
61,2011.0,124.11,18.86,5.31,11.53,17.77,-2.28,7.98,11.31,3.82,52.13,0.23,Qaraqalpogiston,
62,2012.0,98.79,18.84,5.81,12.19,18.6,-1.62,15.62,20.27,6.29,50.32,0.23,Qaraqalpogiston,
63,2013.0,142.98,18.86,7.17,13.54,19.96,-1.87,12.03,18.3,5.34,52.6,0.09,Qaraqalpogiston,
64,2014.0,131.55,18.92,5.22,11.74,18.28,-1.57,7.48,11.61,1.07,51.21,0.24,Qaraqalpogiston,
65,2015.0,158.1,19.01,7.05,13.08,19.14,-0.81,17.35,24.09,10.56,54.83,0.25,Qaraqalpogiston,
66,2016.0,190.57,19.14,7.45,13.49,19.57,0.1,11.48,18.93,4.8,56.31,0.11,Qaraqalpogiston,
67,2017.0,123.11,19.28,6.47,12.86,19.28,-0.39,9.15,14.26,1.96,52.64,0.24,Qaraqalpogiston,
68,2018.0,101.75,19.44,5.81,12.25,18.73,-1.01,13.98,20.19,7.44,50.97,0.22,Qaraqalpogiston,
69,2019.0,116.27,19.6,6.95,13.34,19.76,-1.17,12.19,21.46,3.87,52.62,0.24,Qaraqalpogiston,
70,2020.0,86.37,19.76,6.52,13.02,19.55,-2.24,9.54,17.72,1.96,49.14,0.24,Qaraqalpogiston,
71,2021.0,76.31,19.92,6.87,13.58,20.32,-2.66,6.11,11.99,0.0,47.4,0.35,Qaraqalpogiston,
72,2022.0,105.87,20.07,7.19,13.43,19.71,-2.19,12.22,19.51,3.65,52.41,0.2,Qaraqalpogiston,
73,2023.0,106.4,20.23,7.65,14.45,21.29,-2.2,10.15,23.76,2.96,50.09,0.23,Qaraqalpogiston,
74,2024.0,134.83,20.39,6.93,13.28,19.67,-1.52,15.45,20.9,7.65,53.2,0.16,Qaraqalpogiston,
0,1950.0,239.31,20.08,5.52,12.6,19.71,-0.0639189189189189,16.36,47.47,3.93,49.82,0.08,Qashqadaryo,
1,1951.0,299.11,20.08,6.63,13.28,19.97,-0.03,25.74,39.84,12.66,54.44,0.06,Qashqadaryo,
2,1952.0,391.33,20.12,6.96,13.59,20.26,0.85,21.22,51.93,6.9,54.16,0.06,Qashqadaryo,
3,1953.0,433.6,20.18,7.34,13.74,20.18,1.4,35.51,73.4,21.3,56.32,0.06,Qashqadaryo,
4,1954.0,290.96,20.22,6.3,12.84,19.42,2.36,30.24,80.89,13.46,54.54,0.02,Qashqadaryo,
5,1955.0,269.0,20.24,7.59,14.7,21.85,-0.02,27.41,51.21,13.63,48.95,0.14,Qashqadaryo,
6,1956.0,299.03,20.24,6.91,13.64,20.42,0.29,23.81,48.9,18.72,49.52,0.12,Qashqadaryo,
7,1957.0,318.16,20.22,6.1,12.57,19.08,-0.16,18.72,39.34,6.05,54.67,0.04,Qashqadaryo,
8,1958.0,359.69,20.21,7.52,14.11,20.74,0.67,25.77,45.91,14.28,51.1,0.09,Qashqadaryo,
9,1959.0,292.54,20.23,6.91,13.3,19.73,0.49,20.18,44.19,12.03,57.04,0.04,Qashqadaryo,
10,1960.0,348.75,20.29,6.64,13.25,19.89,0.26,21.61,40.53,8.13,57.02,0.06,Qashqadaryo,
11,1961.0,275.42,20.39,7.4,14.3,21.24,-0.48,22.59,46.97,13.49,52.04,0.07,Qashqadaryo,
12,1962.0,306.67,20.52,7.11,13.75,20.42,-0.47,15.9,32.98,4.54,54.46,0.05,Qashqadaryo,
13,1963.0,378.16,20.64,7.9,14.62,21.39,-0.16,18.67,35.9,7.9,54.51,0.04,Qashqadaryo,
14,1964.0,357.68,20.71,6.1,12.73,19.4,1.39,27.62,59.44,17.79,56.28,0.04,Qashqadaryo,
15,1965.0,249.67,20.72,7.59,14.22,20.89,-0.08,26.05,38.14,10.51,53.2,0.05,Qashqadaryo,
16,1966.0,243.38,20.64,7.89,14.6,21.35,-0.96,21.33,37.66,6.74,50.42,0.09,Qashqadaryo,
17,1967.0,344.01,20.49,7.38,13.84,20.34,-0.35,23.36,41.45,5.83,55.45,0.06,Qashqadaryo,
18,1968.0,326.66,20.3,7.55,13.94,20.37,0.19,23.25,40.0,6.45,56.44,0.06,Qashqadaryo,
19,1969.0,524.04,20.12,6.26,12.35,18.48,2.46,31.13,77.78,25.83,61.99,0.03,Qashqadaryo,
20,1970.0,264.27,19.99,7.58,14.34,21.14,0.3,17.39,34.2,3.37,54.82,0.07,Qashqadaryo,
21,1971.0,174.8,19.94,7.77,14.64,21.55,-1.41,18.98,33.13,7.08,51.47,0.06,Qashqadaryo,
22,1972.0,383.31,19.98,5.64,11.92,18.24,0.26,20.68,46.33,9.14,58.33,0.01,Qashqadaryo,
23,1973.0,292.16,20.08,7.37,14.03,20.74,0.74,23.94,50.2,14.66,56.02,0.08,Qashqadaryo,
24,1974.0,272.9,20.21,6.66,13.08,19.54,-0.22,30.4,47.46,16.54,55.62,0.05,Qashqadaryo,
25,1975.0,236.99,20.34,7.27,13.94,20.64,-0.58,23.57,43.85,12.02,53.47,0.1,Qashqadaryo,
26,1976.0,338.86,20.44,7.17,13.49,19.84,0.31,24.0,39.51,10.78,57.18,0.07,Qashqadaryo,
27,1977.0,284.78,20.49,8.05,14.41,20.79,-0.55,20.62,43.34,4.53,57.59,0.1,Qashqadaryo,
28,1978.0,338.47,20.51,7.7,14.09,20.51,0.47,18.59,34.55,8.77,57.29,0.06,Qashqadaryo,
29,1979.0,304.75,20.51,7.97,14.41,20.89,0.66,21.32,41.34,8.65,55.91,0.08,Qashqadaryo,
30,1980.0,293.27,20.52,7.97,14.39,20.86,-0.02,20.05,30.59,7.6,56.93,0.07,Qashqadaryo,
31,1981.0,374.62,20.55,8.45,14.71,21.02,0.7,21.56,51.22,9.88,57.81,0.03,Qashqadaryo,
32,1982.0,326.77,20.61,7.34,13.53,19.76,0.26,18.73,36.36,2.71,58.2,0.05,Qashqadaryo,
33,1983.0,267.12,20.71,8.27,14.85,21.48,-0.12,19.99,38.33,4.04,55.33,0.11,Qashqadaryo,
34,1984.0,271.14,20.8,7.01,13.28,19.59,-0.24,24.72,44.88,10.24,57.65,0.12,Qashqadaryo,
35,1985.0,264.94,20.87,7.65,14.15,20.68,0.33,19.46,43.01,7.67,56.26,0.07,Qashqadaryo,
36,1986.0,229.1,20.9,7.88,14.32,20.82,-0.78,17.6,39.89,4.33,54.75,0.05,Qashqadaryo,
37,1987.0,343.25,20.85,8.04,14.41,20.82,0.53,22.98,50.52,11.87,56.9,0.04,Qashqadaryo,
38,1988.0,316.46,20.74,8.45,14.93,21.46,0.48,25.6,48.97,12.93,56.58,0.08,Qashqadaryo,
39,1989.0,261.5,20.6,7.44,14.05,20.69,-0.53,22.63,49.07,7.18,54.38,0.04,Qashqadaryo,
40,1990.0,281.72,20.46,8.23,14.64,21.08,-0.13,18.76,50.43,4.15,57.55,0.08,Qashqadaryo,
41,1991.0,372.76,20.38,8.1,14.24,20.41,0.16,20.2,50.81,5.62,59.9,0.03,Qashqadaryo,
42,1992.0,396.4,20.37,7.91,13.95,20.03,1.33,21.06,45.01,8.0,58.71,0.04,Qashqadaryo,
43,1993.0,451.18,20.47,7.44,13.43,19.47,1.24,25.5,61.41,14.94,60.19,0.04,Qashqadaryo,
44,1994.0,348.14,20.65,7.75,14.12,20.52,0.27,18.52,36.85,4.16,57.64,0.09,Qashqadaryo,
45,1995.0,251.61,20.88,8.41,15.2,22.04,-0.33,21.14,56.73,8.53,55.11,0.1,Qashqadaryo,
46,1996.0,254.96,21.11,7.36,13.93,20.54,-0.75,19.78,47.47,5.14,54.14,0.07,Qashqadaryo,
47,1997.0,410.81,21.32,8.52,15.0,21.52,-0.09,24.32,54.31,12.72,58.22,0.12,Qashqadaryo,
48,1998.0,459.67,21.47,8.31,14.62,20.98,1.34,34.26,79.4,21.82,59.29,0.06,Qashqadaryo,
49,1999.0,331.79,21.56,8.88,15.3,21.77,0.09,27.15,38.22,7.38,57.55,0.06,Qashqadaryo,
50,2000.0,262.49,21.6,8.72,15.28,21.88,-1.92,15.07,22.88,1.49,52.74,0.08,Qashqadaryo,
51,2001.0,245.18,21.6,8.74,15.31,21.92,-2.12,17.92,29.34,4.76,53.78,0.09,Qashqadaryo,
52,2002.0,400.66,21.59,8.59,15.14,21.73,0.35,31.03,52.27,24.64,58.81,0.08,Qashqadaryo,
53,2003.0,387.91,21.56,8.46,14.46,20.52,0.86,24.54,50.85,15.05,59.39,0.07,Qashqadaryo,
54,2004.0,354.16,21.52,9.22,15.52,21.86,0.36,27.59,60.05,16.33,57.17,0.06,Qashqadaryo,
55,2005.0,329.55,21.49,8.69,15.11,21.56,0.27,20.08,43.54,6.33,55.32,0.07,Qashqadaryo,
56,2006.0,304.62,21.45,8.7,15.08,21.5,-1.42,17.02,30.32,4.18,55.03,0.09,Qashqadaryo,
57,2007.0,317.17,21.42,8.5,15.06,21.65,-0.94,22.26,56.03,9.29,56.07,0.06,Qashqadaryo,
58,2008.0,259.47,21.4,8.08,14.57,21.09,-1.07,18.98,30.91,4.72,57.07,0.09,Qashqadaryo,
59,2009.0,452.68,21.38,8.78,14.99,21.23,0.3,21.78,53.53,14.33,58.48,0.04,Qashqadaryo,
60,2010.0,283.21,21.37,9.06,15.6,22.19,0.1,21.19,37.37,8.05,54.31,0.07,Qashqadaryo,
61,2011.0,288.48,21.37,8.47,14.67,20.9,-1.61,14.78,36.57,2.42,54.29,0.12,Qashqadaryo,
62,2012.0,384.34,21.38,7.97,14.41,20.88,0.02,17.34,38.81,3.94,55.76,0.07,Qashqadaryo,
63,2013.0,346.5,21.41,9.05,15.46,21.91,-0.63,20.99,39.46,12.03,53.11,0.11,Qashqadaryo,
64,2014.0,342.82,21.45,7.75,14.33,20.94,-0.86,16.49,45.38,3.11,53.85,0.1,Qashqadaryo,
65,2015.0,365.89,21.5,9.14,15.39,21.67,0.08,25.77,48.5,15.34,54.68,0.14,Qashqadaryo,
66,2016.0,353.97,21.56,9.57,15.84,22.16,-0.82,15.42,42.45,4.81,53.18,0.1,Qashqadaryo,
67,2017.0,293.02,21.64,8.7,15.1,21.55,-0.3,31.2,68.15,12.56,51.76,0.11,Qashqadaryo,
68,2018.0,261.77,21.72,9.05,15.32,21.63,-1.92,17.47,36.13,3.76,50.65,0.16,Qashqadaryo,
69,2019.0,423.28,21.81,9.61,15.72,21.88,0.84,32.87,54.09,16.34,54.95,0.15,Qashqadaryo,
70,2020.0,364.4,21.91,8.52,14.65,20.82,0.16,19.54,48.64,4.35,54.56,0.07,Qashqadaryo,
71,2021.0,224.11,22.02,9.22,15.89,22.61,-1.61,24.93,48.27,15.74,46.96,0.19,Qashqadaryo,
72,2022.0,391.59,22.13,10.18,16.15,22.16,-1.49,19.24,42.01,8.41,53.41,0.18,Qashqadaryo,
73,2023.0,257.3,22.24,10.29,16.69,23.13,-1.9,15.6,36.12,4.67,47.52,0.26,Qashqadaryo,
74,2024.0,390.4,22.35,9.86,15.74,21.66,-0.83,25.31,39.77,14.69,52.21,0.2,Qashqadaryo,
0,1950.0,198.36,19.89,5.4,12.44,19.51,-0.0852702702702702,20.59,52.08,5.85,50.69,0.06,Samarqand,
1,1951.0,291.45,19.9,6.55,13.16,19.81,-0.28,28.35,48.02,15.79,56.89,0.05,Samarqand,
2,1952.0,370.97,19.94,6.88,13.48,20.11,0.97,20.04,61.65,7.87,55.93,0.07,Samarqand,
3,1953.0,421.98,20.0,7.3,13.65,20.04,1.38,42.79,84.75,26.43,58.44,0.05,Samarqand,
4,1954.0,284.56,20.06,6.12,12.65,19.21,2.02,27.39,72.49,17.36,55.91,0.03,Samarqand,
5,1955.0,263.22,20.09,7.42,14.54,21.7,-0.23,29.71,51.52,15.59,50.81,0.13,Samarqand,
6,1956.0,297.11,20.1,6.76,13.51,20.3,0.27,26.25,60.97,23.81,51.33,0.1,Samarqand,
7,1957.0,303.09,20.11,6.0,12.46,18.96,-0.3,20.3,37.64,9.63,56.1,0.04,Samarqand,
8,1958.0,347.79,20.12,7.45,14.01,20.6,0.5,23.62,43.14,10.9,53.3,0.1,Samarqand,
9,1959.0,278.29,20.15,6.84,13.23,19.66,0.19,24.12,43.94,12.98,58.2,0.02,Samarqand,
10,1960.0,320.21,20.21,6.58,13.15,19.75,0.15,20.06,39.39,8.67,59.2,0.04,Samarqand,
11,1961.0,266.83,20.31,7.37,14.26,21.18,-0.33,27.12,52.64,23.04,52.8,0.06,Samarqand,
12,1962.0,284.77,20.43,7.11,13.73,20.4,-0.58,21.6,37.97,9.65,55.78,0.06,Samarqand,
13,1963.0,345.11,20.54,7.82,14.54,21.31,-0.15,23.63,47.48,9.69,57.12,0.04,Samarqand,
14,1964.0,347.31,20.6,6.09,12.69,19.32,1.3,30.38,66.2,18.91,57.77,0.03,Samarqand,
15,1965.0,269.0,20.6,7.5,14.1,20.75,0.14,34.4,41.31,21.22,56.27,0.05,Samarqand,
16,1966.0,224.35,20.52,7.81,14.45,21.15,-0.97,21.59,37.11,8.19,53.45,0.09,Samarqand,
17,1967.0,324.5,20.36,7.35,13.77,20.23,-0.39,28.14,38.29,10.43,57.47,0.06,Samarqand,
18,1968.0,319.27,20.18,7.47,13.84,20.25,0.25,18.93,46.52,5.66,58.44,0.07,Samarqand,
19,1969.0,533.68,20.0,6.21,12.28,18.39,2.42,39.4,89.13,28.98,63.13,0.03,Samarqand,
20,1970.0,264.57,19.87,7.47,14.21,20.99,0.53,23.17,42.03,9.87,56.82,0.05,Samarqand,
21,1971.0,159.42,19.81,7.65,14.52,21.42,-1.4,15.81,31.66,4.99,52.59,0.06,Samarqand,
22,1972.0,344.32,19.85,5.55,11.81,18.1,-0.05,18.84,45.07,6.04,59.03,0.01,Samarqand,
23,1973.0,267.4,19.94,7.32,13.94,20.58,0.58,24.67,59.85,19.46,56.85,0.07,Samarqand,
24,1974.0,279.45,20.06,6.59,12.99,19.43,-0.26,28.42,50.64,17.33,56.95,0.05,Samarqand,
25,1975.0,223.07,20.18,7.26,13.89,20.54,-0.77,25.6,46.35,21.59,54.41,0.1,Samarqand,
26,1976.0,322.63,20.28,7.11,13.38,19.68,-0.07,21.12,43.25,8.71,58.83,0.07,Samarqand,
27,1977.0,290.05,20.34,8.0,14.31,20.65,-0.69,29.18,62.69,8.08,58.97,0.09,Samarqand,
28,1978.0,301.92,20.36,7.61,13.94,20.32,0.74,20.08,39.6,10.33,59.85,0.05,Samarqand,
29,1979.0,304.99,20.37,7.86,14.26,20.69,0.8,26.73,44.9,12.56,58.35,0.08,Samarqand,
30,1980.0,292.61,20.38,7.86,14.25,20.69,-0.01,25.68,35.53,13.65,58.95,0.07,Samarqand,
31,1981.0,354.03,20.41,8.32,14.56,20.83,0.69,21.1,50.13,11.02,60.25,0.03,Samarqand,
32,1982.0,293.55,20.48,7.3,13.49,19.72,0.02,18.6,37.48,5.26,59.16,0.05,Samarqand,
33,1983.0,238.88,20.57,8.21,14.78,21.38,-0.14,21.26,43.8,6.91,57.19,0.1,Samarqand,
34,1984.0,283.55,20.66,6.92,13.18,19.47,-0.36,20.5,39.93,10.91,58.88,0.11,Samarqand,
35,1985.0,249.5,20.73,7.52,13.98,20.49,0.32,23.95,45.6,11.6,58.02,0.07,Samarqand,
36,1986.0,213.05,20.75,7.8,14.23,20.69,-0.9,23.72,40.53,18.86,56.07,0.05,Samarqand,
37,1987.0,354.97,20.7,7.91,14.23,20.6,0.69,24.99,58.0,13.27,60.54,0.05,Samarqand,
38,1988.0,282.88,20.59,8.35,14.82,21.34,0.52,25.78,47.6,13.04,59.0,0.07,Samarqand,
39,1989.0,237.35,20.45,7.28,13.89,20.53,-0.31,23.64,55.22,10.02,57.73,0.04,Samarqand,
40,1990.0,292.91,20.32,8.13,14.52,20.95,0.07,16.93,42.6,3.48,59.23,0.07,Samarqand,
41,1991.0,386.18,20.23,8.03,14.14,20.29,0.39,22.55,59.35,13.77,61.45,0.03,Samarqand,
42,1992.0,380.82,20.23,7.8,13.85,19.95,1.44,25.32,53.4,9.89,61.53,0.03,Samarqand,
43,1993.0,437.12,20.33,7.28,13.27,19.29,1.33,28.17,80.4,16.51,62.13,0.04,Samarqand,
44,1994.0,309.01,20.51,7.6,13.94,20.33,0.33,22.09,45.28,8.39,59.6,0.07,Samarqand,
45,1995.0,215.96,20.73,8.28,15.06,21.87,-0.55,19.57,40.41,5.39,56.74,0.09,Samarqand,
46,1996.0,227.16,20.96,7.18,13.76,20.37,-0.94,23.24,56.92,8.44,56.49,0.07,Samarqand,
47,1997.0,373.87,21.17,8.38,14.91,21.47,0.13,24.68,57.73,15.85,60.69,0.1,Samarqand,
48,1998.0,432.43,21.31,8.15,14.47,20.84,1.27,27.19,71.99,19.3,61.68,0.06,Samarqand,
49,1999.0,318.46,21.4,8.76,15.16,21.6,-0.09,22.7,34.58,9.33,58.88,0.06,Samarqand,
50,2000.0,257.12,21.43,8.56,15.09,21.65,-1.81,14.7,26.26,1.53,55.58,0.1,Samarqand,
51,2001.0,230.63,21.44,8.61,15.15,21.72,-2.17,17.69,33.81,4.81,56.06,0.08,Samarqand,
52,2002.0,384.6,21.42,8.52,15.03,21.59,0.35,31.56,54.21,21.82,61.35,0.09,Samarqand,
53,2003.0,387.37,21.4,8.38,14.36,20.4,0.84,20.91,51.89,14.36,62.13,0.07,Samarqand,
54,2004.0,346.37,21.38,9.21,15.45,21.75,0.42,24.97,60.41,19.78,59.73,0.07,Samarqand,
55,2005.0,318.85,21.37,8.67,15.04,21.44,0.41,19.24,44.5,7.45,57.91,0.08,Samarqand,
56,2006.0,283.53,21.35,8.64,14.98,21.37,-1.25,23.91,37.75,9.91,57.29,0.08,Samarqand,
57,2007.0,294.53,21.34,8.54,15.03,21.56,-0.84,22.71,56.75,13.7,57.92,0.06,Samarqand,
58,2008.0,252.67,21.33,7.98,14.46,20.98,-1.14,19.53,35.3,7.86,58.73,0.11,Samarqand,
59,2009.0,406.05,21.32,8.75,14.95,21.2,0.32,25.21,52.71,15.04,60.55,0.04,Samarqand,
60,2010.0,266.59,21.31,9.04,15.59,22.16,-0.06,19.27,38.34,6.1,56.81,0.08,Samarqand,
61,2011.0,289.96,21.31,8.34,14.58,20.86,-1.57,19.39,50.56,8.87,56.75,0.12,Samarqand,
62,2012.0,336.53,21.32,7.87,14.29,20.75,-0.24,19.32,39.1,5.67,57.18,0.08,Samarqand,
63,2013.0,327.95,21.35,9.05,15.45,21.9,-0.68,28.71,45.76,14.85,54.84,0.1,Samarqand,
64,2014.0,317.94,21.4,7.61,14.21,20.85,-0.86,17.53,55.05,5.27,55.69,0.1,Samarqand,
65,2015.0,340.0,21.47,9.12,15.38,21.68,-0.15,19.63,51.17,8.37,56.75,0.14,Samarqand,
66,2016.0,337.15,21.56,9.46,15.79,22.17,-0.87,17.37,38.79,3.72,55.95,0.1,Samarqand,
67,2017.0,278.11,21.65,8.57,15.02,21.51,-0.21,33.22,73.67,16.77,53.78,0.11,Samarqand,
68,2018.0,248.09,21.75,8.79,15.17,21.6,-1.81,29.06,38.39,10.21,53.28,0.14,Samarqand,
69,2019.0,385.18,21.85,9.42,15.7,22.04,0.37,30.48,57.03,12.3,57.18,0.14,Samarqand,
70,2020.0,322.76,21.94,8.38,14.64,20.93,0.23,26.01,59.93,10.32,57.44,0.06,Samarqand,
71,2021.0,203.54,22.03,9.1,15.83,22.59,-1.65,25.03,51.21,14.22,50.39,0.17,Samarqand,
72,2022.0,376.0,22.12,10.1,16.04,22.03,-1.28,22.31,52.0,9.04,56.54,0.14,Samarqand,
73,2023.0,237.25,22.2,10.19,16.6,23.05,-1.72,19.07,45.58,11.3,50.41,0.25,Samarqand,
74,2024.0,357.93,22.29,9.73,15.69,21.69,-0.61,36.1,48.57,22.15,56.15,0.15,Samarqand,
0,1950.0,264.96,21.66,7.39,14.33,21.3,-0.062027027027027,16.94,39.65,3.06,51.86,0.05,Sirdaryo,
1,1951.0,441.78,21.66,8.53,15.0,21.51,0.05,25.79,44.57,15.89,58.79,0.04,Sirdaryo,
2,1952.0,500.89,21.71,8.88,15.36,21.88,0.8,21.53,38.11,9.31,57.58,0.05,Sirdaryo,
3,1953.0,665.5,21.76,9.31,15.53,21.8,0.9,33.7,54.41,15.64,58.07,0.04,Sirdaryo,
4,1954.0,396.37,21.82,7.98,14.45,20.95,1.76,24.22,54.46,16.47,58.62,0.02,Sirdaryo,
5,1955.0,444.56,21.86,9.31,16.34,23.42,0.1,27.81,44.79,23.77,50.6,0.11,Sirdaryo,
6,1956.0,394.77,21.88,8.66,15.42,22.2,0.29,24.88,53.74,12.67,53.48,0.07,Sirdaryo,
7,1957.0,392.09,21.89,7.95,14.35,20.81,-0.3,23.13,42.18,9.56,56.84,0.05,Sirdaryo,
8,1958.0,551.79,21.9,9.45,15.81,22.24,0.76,22.34,52.83,13.41,53.3,0.1,Sirdaryo,
9,1959.0,460.33,21.94,8.84,15.16,21.53,0.83,24.73,56.77,13.8,58.83,0.01,Sirdaryo,
10,1960.0,538.6,22.0,8.59,14.97,21.4,0.82,26.52,37.92,9.86,59.63,0.03,Sirdaryo,
11,1961.0,365.94,22.1,9.37,16.14,22.96,-0.57,22.12,37.22,14.52,49.95,0.1,Sirdaryo,
12,1962.0,420.96,22.21,9.13,15.69,22.29,-0.78,19.73,41.25,7.74,53.64,0.1,Sirdaryo,
13,1963.0,466.91,22.31,9.82,16.44,23.11,0.16,17.87,39.17,5.45,54.08,0.07,Sirdaryo,
14,1964.0,453.87,22.37,8.06,14.58,21.13,1.07,26.14,46.52,14.05,56.83,0.02,Sirdaryo,
15,1965.0,409.78,22.36,9.5,16.01,22.55,-0.13,42.73,54.95,16.95,54.31,0.06,Sirdaryo,
16,1966.0,392.91,22.26,9.75,16.26,22.82,-0.63,25.42,41.41,15.93,53.68,0.09,Sirdaryo,
17,1967.0,462.96,22.1,9.37,15.64,21.95,-0.45,28.22,59.0,17.16,55.27,0.08,Sirdaryo,
18,1968.0,499.36,21.92,9.46,15.67,21.92,0.3,23.84,43.15,15.88,56.03,0.1,Sirdaryo,
19,1969.0,875.25,21.74,8.28,14.19,20.13,2.15,29.0,60.86,24.53,65.26,0.03,Sirdaryo,
20,1970.0,386.22,21.6,9.46,16.05,22.68,0.4,22.98,33.21,9.0,55.37,0.07,Sirdaryo,
21,1971.0,321.24,21.55,9.63,16.39,23.21,-1.04,25.53,40.35,14.68,52.48,0.06,Sirdaryo,
22,1972.0,506.05,21.58,7.6,13.71,19.87,0.19,17.6,40.79,3.94,59.68,0.02,Sirdaryo,
23,1973.0,385.86,21.67,9.33,15.82,22.35,0.48,21.55,38.29,15.61,56.21,0.07,Sirdaryo,
24,1974.0,314.93,21.8,8.66,14.9,21.19,-0.54,19.44,37.28,6.98,54.48,0.11,Sirdaryo,
25,1975.0,340.6,21.92,9.36,15.8,22.29,-1.81,18.91,37.04,8.11,49.07,0.14,Sirdaryo,
26,1976.0,468.86,22.03,9.21,15.3,21.43,-0.3,22.31,40.09,20.39,58.13,0.07,Sirdaryo,
27,1977.0,525.11,22.09,10.07,16.21,22.38,-0.65,44.15,88.12,19.03,56.48,0.12,Sirdaryo,
28,1978.0,535.01,22.12,9.69,15.86,22.06,0.79,24.37,45.62,14.9,59.92,0.04,Sirdaryo,
29,1979.0,505.06,22.13,9.95,16.13,22.37,1.3,28.0,66.89,26.12,60.64,0.05,Sirdaryo,
30,1980.0,395.8,22.14,9.97,16.19,22.46,-0.19,15.6,27.98,1.8,57.63,0.09,Sirdaryo,
31,1981.0,480.07,22.17,10.33,16.39,22.5,0.27,20.22,37.65,6.31,57.09,0.07,Sirdaryo,
32,1982.0,433.07,22.22,9.39,15.49,21.63,-0.4,19.04,32.55,11.46,57.43,0.05,Sirdaryo,
33,1983.0,366.14,22.3,10.24,16.65,23.11,-0.65,19.65,27.34,6.41,51.92,0.14,Sirdaryo,
34,1984.0,458.17,22.37,8.95,15.07,21.23,-0.19,23.31,43.54,10.81,58.62,0.08,Sirdaryo,
35,1985.0,397.08,22.43,9.56,15.83,22.14,0.34,28.91,42.97,10.75,56.25,0.08,Sirdaryo,
36,1986.0,313.61,22.44,9.86,16.13,22.45,-1.06,20.26,28.76,6.83,53.95,0.06,Sirdaryo,
37,1987.0,590.32,22.4,10.03,16.07,22.15,0.79,23.95,60.45,23.75,60.41,0.04,Sirdaryo,
38,1988.0,391.46,22.3,10.36,16.7,23.09,0.52,18.41,37.71,7.07,56.64,0.13,Sirdaryo,
39,1989.0,353.44,22.18,9.26,15.72,22.22,-0.66,20.97,53.27,9.61,55.53,0.08,Sirdaryo,
40,1990.0,461.71,22.06,10.2,16.43,22.71,0.13,18.06,30.17,5.44,59.67,0.07,Sirdaryo,
41,1991.0,500.82,21.98,10.0,16.01,22.07,0.25,18.77,58.99,6.61,58.36,0.06,Sirdaryo,
42,1992.0,501.68,21.98,9.89,15.81,21.79,0.76,26.69,39.93,16.14,58.49,0.03,Sirdaryo,
43,1993.0,713.2,22.06,9.19,15.04,20.93,1.13,21.88,51.06,12.09,62.14,0.06,Sirdaryo,
44,1994.0,491.87,22.21,9.55,15.78,22.03,0.99,23.7,32.54,13.47,58.41,0.06,Sirdaryo,
45,1995.0,306.58,22.4,10.14,16.79,23.49,-0.44,18.18,31.66,10.33,54.22,0.1,Sirdaryo,
46,1996.0,332.68,22.61,9.15,15.53,21.95,-0.38,17.55,38.92,2.92,56.08,0.08,Sirdaryo,
47,1997.0,471.94,22.8,10.37,16.79,23.25,-0.32,21.16,45.1,11.75,57.73,0.14,Sirdaryo,
48,1998.0,655.1,22.96,10.25,16.38,22.56,1.0,33.54,66.0,18.5,60.34,0.12,Sirdaryo,
49,1999.0,534.66,23.06,10.79,16.97,23.21,0.4,23.52,35.08,16.8,55.29,0.1,Sirdaryo,
50,2000.0,355.28,23.13,10.58,16.87,23.22,-1.17,15.76,27.69,0.05,55.08,0.08,Sirdaryo,
51,2001.0,355.44,23.17,10.66,17.07,23.53,-1.09,23.32,26.98,8.58,54.07,0.09,Sirdaryo,
52,2002.0,593.89,23.18,10.6,16.94,23.33,0.91,38.63,51.22,20.3,62.32,0.07,Sirdaryo,
53,2003.0,626.45,23.18,10.42,16.29,22.21,1.45,31.49,76.21,18.21,62.09,0.04,Sirdaryo,
54,2004.0,563.03,23.17,11.28,17.38,23.53,0.6,27.11,58.53,14.31,57.46,0.1,Sirdaryo,
55,2005.0,431.05,23.15,10.75,16.96,23.21,0.06,29.75,43.95,17.17,55.75,0.14,Sirdaryo,
56,2006.0,455.04,23.13,10.71,16.93,23.17,-1.39,18.55,42.65,8.18,55.13,0.1,Sirdaryo,
57,2007.0,446.48,23.12,10.67,16.99,23.36,-0.69,24.97,55.46,10.4,58.46,0.08,Sirdaryo,
58,2008.0,405.82,23.11,10.16,16.42,22.72,-1.3,21.18,34.01,10.01,57.91,0.11,Sirdaryo,
59,2009.0,543.61,23.12,10.73,16.88,23.09,0.21,24.22,37.94,12.89,58.11,0.07,Sirdaryo,
60,2010.0,437.3,23.13,11.16,17.51,23.91,0.53,20.35,37.2,11.42,57.74,0.1,Sirdaryo,
61,2011.0,491.1,23.17,10.35,16.51,22.71,-1.57,19.79,54.23,5.93,56.17,0.13,Sirdaryo,
62,2012.0,458.9,23.21,9.84,16.18,22.54,-0.11,17.84,44.05,6.66,55.69,0.08,Sirdaryo,
63,2013.0,486.85,23.28,10.93,17.41,23.94,-0.8,22.22,40.49,12.08,53.39,0.15,Sirdaryo,
64,2014.0,477.74,23.36,9.4,16.1,22.85,-0.47,19.03,40.65,4.64,54.97,0.16,Sirdaryo,
65,2015.0,531.18,23.45,11.13,17.35,23.61,-0.56,18.49,47.3,3.64,54.85,0.18,Sirdaryo,
66,2016.0,493.66,23.56,11.27,17.71,24.21,-0.72,15.09,36.05,1.35,54.68,0.16,Sirdaryo,
67,2017.0,386.56,23.66,10.49,16.93,23.41,-0.1,25.21,54.2,9.19,53.73,0.15,Sirdaryo,
68,2018.0,411.04,23.76,10.41,16.98,23.59,-1.17,34.72,41.36,13.14,53.54,0.16,Sirdaryo,
69,2019.0,515.46,23.86,11.16,17.65,24.17,-0.16,18.25,44.64,2.82,53.49,0.21,Sirdaryo,
70,2020.0,433.47,23.94,10.14,16.59,23.09,-0.51,24.92,48.7,14.87,54.05,0.13,Sirdaryo,
71,2021.0,326.94,24.01,10.92,17.69,24.51,-1.62,29.31,62.99,13.75,47.73,0.28,Sirdaryo,
72,2022.0,605.3,24.08,12.15,17.94,23.78,-1.21,24.11,59.29,14.0,55.88,0.17,Sirdaryo,
73,2023.0,332.55,24.14,12.15,18.5,24.89,-0.9,19.44,50.45,9.05,51.98,0.18,Sirdaryo,
74,2024.0,539.12,24.2,11.53,17.64,23.78,-1.05,25.66,44.95,12.77,54.43,0.19,Sirdaryo,
0,1950.0,313.94,19.7,4.92,12.09,19.3,-0.072027027027027,21.31,63.85,10.22,48.25,0.07,Surxondaryo,
1,1951.0,400.73,19.7,5.98,12.78,19.61,0.52,22.63,44.69,9.57,53.43,0.04,Surxondaryo,
2,1952.0,471.72,19.73,6.32,13.09,19.89,0.99,20.13,54.75,9.64,51.36,0.05,Surxondaryo,
3,1953.0,565.54,19.78,6.75,13.23,19.73,0.98,21.49,51.42,8.73,53.47,0.06,Surxondaryo,
4,1954.0,363.3,19.82,5.63,12.35,19.1,2.47,26.21,72.12,12.42,52.1,0.02,Surxondaryo,
5,1955.0,344.64,19.85,6.88,14.15,21.46,0.04,22.84,53.49,9.7,47.18,0.12,Surxondaryo,
6,1956.0,379.11,19.86,6.25,13.16,20.1,0.14,28.92,55.03,15.32,46.28,0.12,Surxondaryo,
7,1957.0,457.24,19.85,5.49,12.01,18.57,0.06,18.62,51.54,6.73,54.0,0.03,Surxondaryo,
8,1958.0,429.22,19.86,6.92,13.61,20.34,0.45,26.64,41.74,9.37,49.39,0.08,Surxondaryo,
9,1959.0,421.87,19.88,6.26,12.84,19.44,0.15,18.11,41.06,6.16,53.85,0.05,Surxondaryo,
10,1960.0,539.87,19.93,5.98,12.72,19.49,0.63,23.19,51.51,11.06,54.56,0.05,Surxondaryo,
11,1961.0,402.3,20.02,6.69,13.75,20.85,-0.34,22.18,44.96,12.9,50.72,0.06,Surxondaryo,
12,1962.0,424.46,20.12,6.43,13.23,20.07,-0.42,17.42,40.66,7.74,52.58,0.04,Surxondaryo,
13,1963.0,525.92,20.21,7.2,14.1,21.05,0.14,21.6,45.95,8.07,52.3,0.03,Surxondaryo,
14,1964.0,487.99,20.27,5.39,12.16,18.95,0.95,22.37,46.92,9.53,53.2,0.04,Surxondaryo,
15,1965.0,351.12,20.26,6.9,13.64,20.41,0.35,24.01,43.92,10.25,53.1,0.03,Surxondaryo,
16,1966.0,338.72,20.18,7.2,14.03,20.9,-0.69,18.13,36.84,6.14,49.67,0.07,Surxondaryo,
17,1967.0,415.82,20.04,6.67,13.23,19.81,-0.33,19.9,51.18,10.16,54.01,0.05,Surxondaryo,
18,1968.0,439.28,19.87,6.94,13.41,19.91,0.23,21.92,56.12,7.94,55.31,0.05,Surxondaryo,
19,1969.0,641.3,19.7,5.77,11.9,18.06,2.43,29.04,73.56,17.07,59.12,0.03,Surxondaryo,
20,1970.0,318.37,19.58,6.95,13.83,20.75,-0.32,21.4,35.0,7.58,49.91,0.08,Surxondaryo,
21,1971.0,209.75,19.52,7.13,14.11,21.14,-1.87,18.78,36.47,7.82,47.92,0.06,Surxondaryo,
22,1972.0,485.91,19.55,5.02,11.41,17.83,0.25,20.07,44.83,7.14,56.06,0.01,Surxondaryo,
23,1973.0,375.58,19.63,6.69,13.47,20.3,0.9,29.04,67.78,16.98,53.55,0.09,Surxondaryo,
24,1974.0,296.55,19.74,6.09,12.6,19.14,-0.58,25.87,44.73,8.2,52.08,0.05,Surxondaryo,
25,1975.0,310.23,19.85,6.6,13.32,20.08,-0.25,18.28,40.26,6.67,52.0,0.09,Surxondaryo,
26,1976.0,424.83,19.94,6.61,12.96,19.33,0.52,29.72,49.39,14.17,53.89,0.07,Surxondaryo,
27,1977.0,351.25,20.0,7.51,13.88,20.28,-0.56,18.14,39.36,6.76,53.09,0.12,Surxondaryo,
28,1978.0,419.21,20.02,7.16,13.59,20.07,0.25,24.09,43.13,12.3,53.23,0.07,Surxondaryo,
29,1979.0,392.55,20.04,7.38,13.88,20.42,0.69,24.9,42.49,11.25,53.72,0.08,Surxondaryo,
30,1980.0,362.15,20.06,7.4,13.88,20.4,-0.11,17.9,39.48,5.66,53.03,0.07,Surxondaryo,
31,1981.0,435.19,20.1,7.81,14.16,20.55,0.37,20.15,48.78,8.37,55.18,0.04,Surxondaryo,
32,1982.0,405.15,20.17,6.7,12.99,19.31,0.01,23.84,43.72,10.46,54.86,0.06,Surxondaryo,
33,1983.0,329.39,20.26,7.63,14.3,21.02,0.09,18.21,39.08,5.97,53.61,0.12,Surxondaryo,
34,1984.0,366.06,20.35,6.47,12.82,19.2,-0.22,21.19,46.59,7.45,54.67,0.12,Surxondaryo,
35,1985.0,329.65,20.42,7.12,13.67,20.27,0.04,19.62,40.07,5.51,53.4,0.07,Surxondaryo,
36,1986.0,331.65,20.45,7.26,13.79,20.36,-0.71,17.75,44.37,5.77,52.71,0.05,Surxondaryo,
37,1987.0,433.57,20.41,7.5,13.9,20.33,0.7,21.3,54.13,8.91,54.98,0.03,Surxondaryo,
38,1988.0,415.01,20.31,7.81,14.41,21.05,0.83,28.23,53.95,17.35,54.15,0.1,Surxondaryo,
39,1989.0,355.36,20.19,6.76,13.49,20.27,-0.14,18.33,44.49,5.74,52.84,0.04,Surxondaryo,
40,1990.0,378.84,20.07,7.53,14.07,20.66,0.33,16.45,46.97,3.44,55.76,0.08,Surxondaryo,
41,1991.0,493.25,20.0,7.33,13.64,20.0,0.52,27.83,84.17,12.65,58.07,0.03,Surxondaryo,
42,1992.0,483.22,20.0,7.13,13.39,19.7,1.79,21.8,53.84,7.74,56.13,0.03,Surxondaryo,
43,1993.0,537.24,20.1,6.74,12.91,19.12,0.61,21.37,46.76,10.11,55.62,0.05,Surxondaryo,
44,1994.0,394.74,20.27,7.03,13.58,20.17,0.09,24.9,51.23,7.33,54.27,0.11,Surxondaryo,
45,1995.0,297.55,20.49,7.56,14.58,21.64,-0.25,21.19,53.46,5.92,51.37,0.09,Surxondaryo,
46,1996.0,342.91,20.71,6.66,13.37,20.1,-0.29,18.57,53.19,5.82,53.41,0.05,Surxondaryo,
47,1997.0,495.61,20.9,7.69,14.41,21.16,-0.34,24.04,46.9,9.94,55.02,0.11,Surxondaryo,
48,1998.0,585.61,21.04,7.66,14.08,20.54,1.48,28.31,68.11,21.34,56.62,0.06,Surxondaryo,
49,1999.0,419.12,21.12,8.18,14.73,21.33,0.3,32.04,42.05,9.27,55.77,0.05,Surxondaryo,
50,2000.0,348.79,21.16,8.02,14.66,21.34,-1.53,16.63,32.5,5.1,49.64,0.06,Surxondaryo,
51,2001.0,305.49,21.16,8.06,14.76,21.51,-2.11,17.05,26.11,3.78,50.03,0.09,Surxondaryo,
52,2002.0,514.51,21.15,7.91,14.59,21.32,-0.51,26.5,49.99,14.54,54.26,0.09,Surxondaryo,
53,2003.0,487.44,21.14,7.75,13.94,20.17,0.49,27.67,51.96,17.63,54.29,0.08,Surxondaryo,
54,2004.0,452.92,21.12,8.53,14.96,21.44,-0.23,20.34,48.18,7.33,52.75,0.06,Surxondaryo,
55,2005.0,424.75,21.11,8.0,14.56,21.16,0.1,18.81,51.44,7.29,51.56,0.07,Surxondaryo,
56,2006.0,408.06,21.1,8.04,14.53,21.07,-0.85,22.17,60.36,6.41,52.42,0.11,Surxondaryo,
57,2007.0,420.85,21.09,7.63,14.46,21.33,-0.77,24.6,62.06,9.61,53.62,0.07,Surxondaryo,
58,2008.0,350.96,21.08,7.18,14.03,20.91,-1.37,16.91,38.33,4.82,52.6,0.11,Surxondaryo,
59,2009.0,601.65,21.06,7.73,14.34,21.0,-0.02,27.72,61.76,14.89,54.28,0.06,Surxondaryo,
60,2010.0,389.65,21.06,8.25,14.94,21.67,0.28,19.78,50.48,6.0,51.6,0.08,Surxondaryo,
61,2011.0,395.95,21.06,7.5,14.09,20.72,-1.57,22.07,52.48,6.88,50.8,0.16,Surxondaryo,
62,2012.0,520.02,21.08,7.07,13.77,20.5,0.54,22.75,43.36,7.55,53.51,0.05,Surxondaryo,
63,2013.0,458.71,21.12,8.23,14.83,21.46,-0.82,16.48,35.42,4.77,51.18,0.13,Surxondaryo,
64,2014.0,463.08,21.19,6.76,13.72,20.71,-0.63,20.53,47.3,6.91,51.89,0.1,Surxondaryo,
65,2015.0,483.1,21.28,8.1,14.76,21.45,-0.21,19.2,41.6,7.9,52.91,0.13,Surxondaryo,
66,2016.0,458.72,21.39,8.4,15.23,22.11,-0.67,17.89,50.3,7.77,49.78,0.11,Surxondaryo,
67,2017.0,368.26,21.5,7.56,14.55,21.56,-0.48,23.96,60.91,8.79,47.65,0.13,Surxondaryo,
68,2018.0,352.64,21.61,8.0,14.76,21.56,-1.72,21.75,43.85,8.97,47.88,0.16,Surxondaryo,
69,2019.0,551.03,21.7,8.53,15.14,21.78,0.31,23.12,49.23,8.66,50.99,0.16,Surxondaryo,
70,2020.0,473.06,21.79,7.51,14.08,20.69,-0.35,20.85,59.89,7.05,50.73,0.08,Surxondaryo,
71,2021.0,317.67,21.86,8.34,15.32,22.33,-1.91,17.46,40.94,5.82,43.92,0.17,Surxondaryo,
72,2022.0,528.75,21.92,9.55,15.63,21.75,-1.64,19.96,55.28,8.08,50.61,0.18,Surxondaryo,
73,2023.0,339.05,21.98,9.48,16.1,22.77,-1.66,16.69,46.19,5.08,46.69,0.22,Surxondaryo,
74,2024.0,527.55,22.03,8.88,15.22,21.59,-0.88,19.05,40.9,8.37,51.12,0.18,Surxondaryo,
49,1950.0,332.2,20.77,6.57,13.5,20.44,0.63,41.6,64.98,27.01,61.42,0.05,Toshkent_shahar,
50,1951.0,494.9,20.78,7.67,14.12,20.6,-0.8,20.79,32.08,4.79,57.39,0.13,Toshkent_shahar,
51,1952.0,579.4,20.83,8.06,14.5,21.01,-0.99,22.66,40.37,14.93,57.76,0.09,Toshkent_shahar,
52,1953.0,758.4,20.9,8.3,14.6,20.92,0.99,49.78,68.72,25.32,63.55,0.06,Toshkent_shahar,
53,1954.0,468.3,20.96,7.16,13.61,20.1,1.45,33.39,86.03,46.23,65.19,0.05,Toshkent_shahar,
54,1955.0,464.5,21.0,8.55,15.5,22.5,0.65,26.37,69.55,19.96,62.07,0.07,Toshkent_shahar,
55,1956.0,421.5,21.01,7.87,14.62,21.42,0.48,31.36,57.21,30.72,60.79,0.11,Toshkent_shahar,
56,1957.0,414.0,21.02,7.01,13.47,19.97,-0.68,19.77,52.51,13.85,61.75,0.08,Toshkent_shahar,
57,1958.0,671.2,21.03,8.52,14.89,21.31,-0.26,31.01,52.2,16.65,60.27,0.08,Toshkent_shahar,
58,1959.0,578.4,21.05,7.98,14.29,20.64,-1.37,31.61,55.79,16.14,60.02,0.16,Toshkent_shahar,
59,1960.0,593.0,21.11,7.63,14.04,20.5,0.55,43.65,63.55,29.38,63.33,0.04,Toshkent_shahar,
60,1961.0,375.5,21.21,8.47,15.23,22.03,0.86,25.72,53.65,18.59,62.35,0.07,Toshkent_shahar,
61,1962.0,472.8,21.32,8.25,14.83,21.44,-1.24,22.08,58.2,11.58,59.8,0.12,Toshkent_shahar,
62,1963.0,556.5,21.42,8.97,15.6,22.27,-0.07,23.92,43.37,12.4,59.6,0.09,Toshkent_shahar,
63,1964.0,465.8,21.48,7.18,13.68,20.22,-0.67,28.17,34.65,5.74,57.16,0.12,Toshkent_shahar,
64,1965.0,451.6,21.47,8.73,15.18,21.66,-0.52,26.49,71.62,12.1,57.92,0.12,Toshkent_shahar,
65,1966.0,452.4,21.38,8.98,15.44,21.93,-0.41,29.26,49.24,17.48,59.53,0.17,Toshkent_shahar,
66,1967.0,532.4,21.23,8.56,14.8,21.06,-0.27,22.56,71.27,17.85,59.09,0.14,Toshkent_shahar,
67,1968.0,591.7,21.04,8.56,14.78,21.04,0.5,30.48,69.66,26.54,57.53,0.12,Toshkent_shahar,
68,1969.0,1013.4,20.87,7.44,13.34,19.27,-1.32,29.5,40.85,16.03,54.28,0.21,Toshkent_shahar,
69,1970.0,440.4,20.73,8.66,15.22,21.82,-0.07,26.12,67.6,25.07,58.08,0.16,Toshkent_shahar,
70,1971.0,373.4,20.68,8.82,15.56,22.35,-0.17,34.34,63.84,24.32,57.95,0.04,Toshkent_shahar,
71,1972.0,558.9,20.72,6.85,12.92,19.03,-1.54,25.07,50.71,6.21,52.71,0.23,Toshkent_shahar,
72,1973.0,431.6,20.81,8.51,14.98,21.49,-0.42,30.67,92.35,27.28,59.5,0.13,Toshkent_shahar,
73,1974.0,373.7,20.93,7.9,14.08,20.28,-0.42,29.48,48.31,19.39,57.53,0.15,Toshkent_shahar,
74,1975.0,392.1,21.06,8.54,14.95,21.4,0.04,26.29,54.02,25.91,63.0,0.07,Toshkent_shahar,
75,1976.0,546.1,21.17,8.48,14.52,20.59,,,,,,,Toshkent_shahar,
76,1977.0,583.2,21.23,9.22,15.36,21.53,,,,,,,Toshkent_shahar,
77,1978.0,592.8,21.26,8.95,15.07,21.23,,,,,,,Toshkent_shahar,
78,1979.0,582.4,21.28,9.18,15.32,21.51,,,,,,,Toshkent_shahar,
79,1980.0,475.3,21.29,9.26,15.44,21.67,,,,,,,Toshkent_shahar,
80,1981.0,507.3,21.31,9.55,15.55,21.6,,,,,,,Toshkent_shahar,
81,1982.0,500.2,21.37,8.62,14.67,20.75,,,,,,,Toshkent_shahar,
82,1983.0,382.4,21.44,9.41,15.81,22.23,,,,,,,Toshkent_shahar,
83,1984.0,504.3,21.5,8.12,14.22,20.34,,,,,,,Toshkent_shahar,
84,1985.0,469.1,21.55,8.78,15.02,21.33,,,,,,,Toshkent_shahar,
85,1986.0,399.9,21.57,9.09,15.33,21.59,,,,,,,Toshkent_shahar,
86,1987.0,658.5,21.53,9.31,15.28,21.3,,,,,,,Toshkent_shahar,
87,1988.0,424.4,21.44,9.58,15.87,22.2,,,,,,,Toshkent_shahar,
88,1989.0,463.7,21.32,8.5,14.9,21.35,,,,,,,Toshkent_shahar,
89,1990.0,542.3,21.21,9.41,15.59,21.83,,,,,,,Toshkent_shahar,
90,1991.0,561.3,21.14,9.09,15.13,21.23,,,,,,,Toshkent_shahar,
91,1992.0,516.3,21.12,9.08,14.97,20.91,,,,,,,Toshkent_shahar,
92,1993.0,815.2,21.19,8.47,14.26,20.12,,,,,,,Toshkent_shahar,
93,1994.0,608.8,21.32,8.75,14.93,21.15,,,,,,,Toshkent_shahar,
94,1995.0,285.0,21.49,9.35,15.94,22.57,,,,,,,Toshkent_shahar,
95,1996.0,415.3,21.67,8.39,14.7,21.04,,,,,,,Toshkent_shahar,
96,1997.0,513.4,21.85,9.54,15.88,22.27,,,,,,,Toshkent_shahar,
97,1998.0,749.6,22.0,9.48,15.53,21.58,,,,,,,Toshkent_shahar,
98,1999.0,627.0,22.12,9.96,16.1,22.27,,,,,,,Toshkent_shahar,
99,2000.0,412.7,22.21,9.8,16.04,22.32,,,,,,,Toshkent_shahar,
100,2001.0,451.4,22.27,9.9,16.24,22.63,,,,,,,Toshkent_shahar,
101,2002.0,690.9,22.3,9.83,16.09,22.39,,,,,,,Toshkent_shahar,
102,2003.0,741.5,22.32,9.69,15.49,21.36,,,,,,,Toshkent_shahar,
103,2004.0,632.4,22.31,10.53,16.57,22.69,,,,,,,Toshkent_shahar,
104,2005.0,478.3,22.29,10.0,16.15,22.33,,,,,,,Toshkent_shahar,
105,2006.0,526.1,22.27,9.95,16.12,22.35,,,,,,,Toshkent_shahar,
106,2007.0,509.0,22.24,9.86,16.16,22.49,,,,,,,Toshkent_shahar,
107,2008.0,450.8,22.21,9.4,15.61,21.85,,,,,,,Toshkent_shahar,
108,2009.0,579.1,22.19,10.01,16.04,22.11,,,,,,,Toshkent_shahar,
109,2010.0,507.0,22.19,10.47,16.67,22.95,,,,,,,Toshkent_shahar,
110,2011.0,546.1,22.19,9.67,15.7,21.77,,,,,,,Toshkent_shahar,
111,2012.0,460.0,22.22,9.17,15.35,21.57,,,,,,,Toshkent_shahar,
112,2013.0,539.6,22.27,10.36,16.57,22.82,,,,,,,Toshkent_shahar,
113,2014.0,537.7,22.34,8.8,15.29,21.82,,,,,,,Toshkent_shahar,
114,2015.0,603.7,22.43,10.5,16.53,22.61,,,,,,,Toshkent_shahar,
115,2016.0,600.2,22.53,10.68,16.92,23.21,,,,,,,Toshkent_shahar,
116,2017.0,474.6,22.64,9.73,16.14,22.57,,,,,,,Toshkent_shahar,
117,2018.0,488.0,22.75,9.87,16.2,22.58,,,,,,,Toshkent_shahar,
118,2019.0,519.6,22.86,10.7,16.85,23.05,,,,,,,Toshkent_shahar,
119,2020.0,443.2,22.95,9.65,15.8,22.02,,,,,,,Toshkent_shahar,
120,2021.0,389.5,23.03,10.39,16.91,23.47,,,,,,,Toshkent_shahar,
121,2022.0,659.8,23.11,11.41,17.14,22.9,,,,,,,Toshkent_shahar,
122,2023.0,378.9,23.18,11.43,17.7,24.0,,,,,,,Toshkent_shahar,
123,2024.0,581.5,23.25,10.93,16.84,22.78,,,,,,,Toshkent_shahar,
0,,,,,,,-0.0563513513513513,18.03,56.57,5.79,51.42,0.09,Toshkent_shahar,
1,,,,,,,-0.82,27.25,60.6,20.58,60.51,0.06,Toshkent_shahar,
2,,,,,,,0.63,31.75,60.78,23.52,58.29,0.09,Toshkent_shahar,
3,,,,,,,0.35,27.21,64.16,20.94,60.14,0.09,Toshkent_shahar,
4,,,,,,,1.25,24.75,81.79,22.22,59.24,0.03,Toshkent_shahar,
5,,,,,,,-0.28,32.09,67.81,36.55,53.19,0.15,Toshkent_shahar,
6,,,,,,,0.12,51.31,59.11,20.37,54.74,0.13,Toshkent_shahar,
7,,,,,,,-0.71,27.17,41.96,9.41,57.58,0.06,Toshkent_shahar,
8,,,,,,,0.73,24.09,54.88,10.64,56.83,0.11,Toshkent_shahar,
9,,,,,,,0.35,31.24,81.93,18.72,58.26,0.03,Toshkent_shahar,
10,,,,,,,0.55,28.77,52.79,21.35,59.58,0.06,Toshkent_shahar,
11,,,,,,,-1.11,22.96,51.84,24.56,53.66,0.09,Toshkent_shahar,
12,,,,,,,-1.09,24.31,48.33,15.53,57.02,0.12,Toshkent_shahar,
13,,,,,,,0.35,26.52,86.95,28.12,60.37,0.04,Toshkent_shahar,
14,,,,,,,0.97,37.13,59.75,38.17,56.04,0.05,Toshkent_shahar,
15,,,,,,,-0.48,52.54,73.43,17.73,56.23,0.08,Toshkent_shahar,
16,,,,,,,-0.89,30.82,50.65,23.72,56.91,0.13,Toshkent_shahar,
17,,,,,,,-0.33,32.83,69.74,41.62,60.92,0.05,Toshkent_shahar,
18,,,,,,,0.18,27.61,57.5,23.52,58.92,0.1,Toshkent_shahar,
19,,,,,,,2.23,36.95,73.1,32.31,67.08,0.03,Toshkent_shahar,
20,,,,,,,0.48,32.33,42.37,13.82,56.96,0.07,Toshkent_shahar,
21,,,,,,,-1.2,27.57,45.17,22.65,53.78,0.1,Toshkent_shahar,
22,,,,,,,0.05,26.89,50.07,7.68,61.28,0.01,Toshkent_shahar,
23,,,,,,,0.28,20.8,45.33,19.02,58.43,0.08,Toshkent_shahar,
24,,,,,,,-0.65,24.08,46.63,9.54,57.64,0.08,Toshkent_shahar,
25,,,,,,,-1.52,21.51,46.28,10.85,53.78,0.12,Toshkent_shahar,
26,,,,,,,-0.71,31.03,55.0,28.09,61.22,0.09,Toshkent_shahar,
27,,,,,,,-0.7,28.56,83.13,23.88,61.15,0.07,Toshkent_shahar,
28,,,,,,,0.44,31.65,59.23,22.66,62.17,0.06,Toshkent_shahar,
29,,,,,,,1.04,45.06,54.84,30.98,61.75,0.08,Toshkent_shahar,
30,,,,,,,-0.14,31.46,46.54,27.34,60.81,0.09,Toshkent_shahar,
31,,,,,,,0.46,29.01,69.87,25.44,64.12,0.03,Toshkent_shahar,
32,,,,,,,-0.29,27.44,38.03,14.34,60.79,0.06,Toshkent_shahar,
33,,,,,,,-0.9,19.14,37.28,9.35,57.2,0.13,Toshkent_shahar,
34,,,,,,,-0.73,35.64,48.68,11.34,59.73,0.11,Toshkent_shahar,
35,,,,,,,0.09,32.27,52.29,18.42,60.86,0.05,Toshkent_shahar,
36,,,,,,,-1.1,27.48,50.12,20.82,58.93,0.09,Toshkent_shahar,
37,,,,,,,0.54,40.64,77.98,36.64,64.25,0.06,Toshkent_shahar,
38,,,,,,,0.31,20.58,62.75,10.8,61.2,0.08,Toshkent_shahar,
39,,,,,,,-0.52,28.97,68.21,21.15,60.07,0.06,Toshkent_shahar,
40,,,,,,,0.35,38.95,70.56,27.35,61.83,0.1,Toshkent_shahar,
41,,,,,,,0.04,24.82,80.37,24.03,63.22,0.03,Toshkent_shahar,
42,,,,,,,0.89,32.71,82.53,28.25,64.47,0.02,Toshkent_shahar,
43,,,,,,,1.16,29.16,88.47,23.42,66.44,0.03,Toshkent_shahar,
44,,,,,,,0.94,31.93,45.06,30.13,61.99,0.06,Toshkent_shahar,
45,,,,,,,-0.48,20.28,34.21,15.28,58.93,0.09,Toshkent_shahar,
46,,,,,,,-0.62,22.02,49.36,12.26,59.13,0.11,Toshkent_shahar,
47,,,,,,,0.16,32.37,71.21,29.78,63.15,0.1,Toshkent_shahar,
48,,,,,,,1.23,37.4,62.24,25.26,65.0,0.07,Toshkent_shahar,
0,1950.0,502.21,15.52,1.77,8.46,15.17,-0.0475675675675675,23.89,68.0,10.22,54.02,0.09,Toshkent_viloyat,
1,1951.0,770.29,15.54,2.86,9.11,15.38,-0.96,32.29,71.06,9.57,60.35,0.05,Toshkent_viloyat,
2,1952.0,780.77,15.59,3.22,9.46,15.74,0.71,28.99,69.19,9.64,58.98,0.09,Toshkent_viloyat,
3,1953.0,852.81,15.67,3.55,9.64,15.75,0.2,29.89,58.8,8.73,60.19,0.09,Toshkent_viloyat,
4,1954.0,808.73,15.74,2.3,8.57,14.86,1.16,30.31,110.92,12.42,59.33,0.03,Toshkent_viloyat,
5,1955.0,764.62,15.79,3.75,10.49,17.27,-0.27,35.17,88.04,9.7,54.68,0.13,Toshkent_viloyat,
6,1956.0,677.38,15.82,3.02,9.6,16.19,0.08,29.52,63.42,15.32,55.31,0.15,Toshkent_viloyat,
7,1957.0,657.46,15.84,2.22,8.52,14.85,-1.02,30.77,53.72,6.73,58.76,0.05,Toshkent_viloyat,
8,1958.0,944.23,15.86,3.76,9.95,16.16,0.78,29.03,73.36,9.37,58.06,0.1,Toshkent_viloyat,
9,1959.0,792.01,15.9,3.18,9.31,15.46,0.58,37.65,87.71,6.16,60.23,0.04,Toshkent_viloyat,
10,1960.0,740.04,15.96,2.91,9.12,15.37,0.66,33.26,63.4,11.06,60.3,0.06,Toshkent_viloyat,
11,1961.0,595.87,16.06,3.79,10.32,16.89,-0.89,25.13,45.13,12.9,55.55,0.08,Toshkent_viloyat,
12,1962.0,723.59,16.16,3.52,9.87,16.26,-0.85,32.42,68.18,7.74,58.02,0.1,Toshkent_viloyat,
13,1963.0,821.8,16.25,4.23,10.64,17.07,0.32,25.41,60.33,8.07,59.62,0.04,Toshkent_viloyat,
14,1964.0,732.0,16.31,2.46,8.76,15.07,0.88,27.1,69.81,9.53,59.17,0.03,Toshkent_viloyat,
15,1965.0,721.9,16.29,3.95,10.22,16.51,-0.54,48.01,87.4,10.25,57.06,0.07,Toshkent_viloyat,
16,1966.0,689.56,16.2,4.19,10.44,16.72,-0.31,34.77,63.82,6.14,58.52,0.09,Toshkent_viloyat,
17,1967.0,762.91,16.05,3.82,9.85,15.9,-0.35,34.03,85.99,10.16,60.61,0.07,Toshkent_viloyat,
18,1968.0,828.3,15.87,3.8,9.83,15.89,0.32,31.17,73.28,7.94,60.75,0.11,Toshkent_viloyat,
19,1969.0,1255.43,15.69,2.59,8.33,14.09,2.3,35.77,96.71,17.07,67.07,0.03,Toshkent_viloyat,
20,1970.0,657.36,15.56,3.89,10.23,16.59,0.33,21.37,51.86,7.58,58.48,0.07,Toshkent_viloyat,
21,1971.0,570.44,15.51,4.05,10.6,17.18,-1.13,28.38,49.46,7.82,55.75,0.08,Toshkent_viloyat,
22,1972.0,823.05,15.54,2.02,7.93,13.85,0.01,20.18,47.78,7.14,61.79,0.01,Toshkent_viloyat,
23,1973.0,634.37,15.63,3.73,10.02,16.33,0.28,23.23,54.08,16.98,59.02,0.09,Toshkent_viloyat,
24,1974.0,597.83,15.75,3.12,9.1,15.1,-1.27,19.63,41.42,8.2,58.49,0.08,Toshkent_viloyat,
25,1975.0,549.19,15.87,3.81,10.03,16.27,-1.45,26.81,48.93,6.67,55.68,0.13,Toshkent_viloyat,
26,1976.0,732.65,15.97,3.67,9.5,15.36,-0.65,31.42,67.26,14.17,61.5,0.1,Toshkent_viloyat,
27,1977.0,749.83,16.03,4.41,10.37,16.35,-0.74,40.09,105.11,6.76,60.47,0.09,Toshkent_viloyat,
28,1978.0,840.33,16.06,4.12,10.05,16.02,0.38,29.71,58.94,12.3,61.48,0.1,Toshkent_viloyat,
29,1979.0,787.08,16.08,4.34,10.3,16.28,1.05,33.57,73.12,11.25,61.69,0.08,Toshkent_viloyat,
30,1980.0,684.42,16.09,4.4,10.39,16.4,-0.36,25.96,53.72,5.66,61.07,0.09,Toshkent_viloyat,
31,1981.0,858.24,16.12,4.75,10.57,16.42,0.19,26.46,59.92,8.37,63.61,0.04,Toshkent_viloyat,
32,1982.0,623.46,16.17,3.8,9.67,15.57,-0.48,28.35,44.79,10.46,61.07,0.06,Toshkent_viloyat,
33,1983.0,609.31,16.24,4.66,10.87,17.1,-0.77,24.22,42.74,5.97,58.86,0.13,Toshkent_viloyat,
34,1984.0,699.97,16.31,3.32,9.25,15.19,-0.58,31.02,54.07,7.45,60.49,0.14,Toshkent_viloyat,
35,1985.0,712.83,16.35,3.94,10.01,16.11,0.1,29.94,53.22,5.51,60.11,0.06,Toshkent_viloyat,
36,1986.0,662.88,16.37,4.29,10.32,16.38,-1.1,25.03,61.47,5.77,59.96,0.08,Toshkent_viloyat,
37,1987.0,967.36,16.33,4.5,10.27,16.06,0.93,37.33,78.08,8.91,64.84,0.06,Toshkent_viloyat,
38,1988.0,708.26,16.23,4.78,10.86,16.98,0.47,18.32,46.81,17.35,61.02,0.11,Toshkent_viloyat,
39,1989.0,706.47,16.12,3.71,9.9,16.12,-0.63,40.51,89.13,5.74,60.18,0.06,Toshkent_viloyat,
40,1990.0,761.78,16.01,4.65,10.64,16.66,0.38,30.59,57.08,3.44,62.9,0.1,Toshkent_viloyat,
41,1991.0,787.27,15.94,4.31,10.19,16.09,-0.19,29.99,86.33,12.65,63.19,0.05,Toshkent_viloyat,
42,1992.0,776.61,15.92,4.27,9.99,15.73,0.73,31.28,61.69,7.74,65.03,0.03,Toshkent_viloyat,
43,1993.0,1070.28,15.99,3.64,9.25,14.88,1.04,31.16,104.63,10.11,66.91,0.04,Toshkent_viloyat,
44,1994.0,831.22,16.12,3.95,9.92,15.92,1.14,33.94,66.21,7.33,63.6,0.07,Toshkent_viloyat,
45,1995.0,539.82,16.29,4.61,10.97,17.36,-0.27,27.04,43.84,5.92,60.42,0.07,Toshkent_viloyat,
46,1996.0,763.17,16.47,3.6,9.69,15.79,-0.22,25.19,58.07,5.82,62.12,0.08,Toshkent_viloyat,
47,1997.0,715.47,16.65,4.8,10.95,17.14,-0.22,23.83,44.94,9.94,63.17,0.13,Toshkent_viloyat,
48,1998.0,1042.24,16.8,4.67,10.51,16.38,0.92,34.2,79.44,21.34,64.54,0.08,Toshkent_viloyat,
49,1999.0,874.88,16.92,5.19,11.13,17.09,0.78,35.01,54.33,9.27,62.36,0.05,Toshkent_viloyat,
50,2000.0,647.76,17.01,5.03,11.03,17.07,-0.52,23.32,48.7,5.1,59.41,0.08,Toshkent_viloyat,
51,2001.0,709.08,17.06,5.11,11.27,17.46,-0.72,26.64,58.69,3.78,58.88,0.07,Toshkent_viloyat,
52,2002.0,942.83,17.1,5.09,11.12,17.19,0.89,40.72,64.98,14.54,64.16,0.08,Toshkent_viloyat,
53,2003.0,988.89,17.11,4.88,10.5,16.16,1.22,32.43,77.07,17.63,64.84,0.07,Toshkent_viloyat,
54,2004.0,828.72,17.1,5.74,11.58,17.45,0.45,32.39,79.3,7.33,61.82,0.08,Toshkent_viloyat,
55,2005.0,745.98,17.09,5.25,11.18,17.14,0.46,33.37,71.91,7.29,60.73,0.11,Toshkent_viloyat,
56,2006.0,751.76,17.06,5.19,11.16,17.16,-0.62,27.26,67.58,6.41,61.53,0.1,Toshkent_viloyat,
57,2007.0,722.8,17.03,5.11,11.18,17.28,-0.31,26.49,82.26,9.61,60.68,0.08,Toshkent_viloyat,
58,2008.0,639.28,17.01,4.68,10.66,16.65,-1.31,32.79,63.23,4.82,60.62,0.15,Toshkent_viloyat,
59,2009.0,851.3,17.0,5.22,11.07,16.94,0.27,30.05,54.12,14.89,61.75,0.05,Toshkent_viloyat,
60,2010.0,865.35,17.0,5.69,11.68,17.72,0.89,25.04,68.69,6.0,62.52,0.08,Toshkent_viloyat,
61,2011.0,752.85,17.01,4.83,10.68,16.57,-1.11,31.35,70.52,6.88,60.38,0.13,Toshkent_viloyat,
62,2012.0,664.57,17.05,4.34,10.38,16.44,-0.06,23.86,52.57,7.55,59.81,0.09,Toshkent_viloyat,
63,2013.0,683.03,17.11,5.51,11.59,17.7,-0.64,28.83,41.94,4.77,58.78,0.12,Toshkent_viloyat,
64,2014.0,764.9,17.19,3.94,10.28,16.64,-0.3,24.22,72.01,6.91,58.19,0.12,Toshkent_viloyat,
65,2015.0,833.42,17.3,5.69,11.55,17.45,-0.24,26.23,61.88,7.9,60.94,0.15,Toshkent_viloyat,
66,2016.0,837.51,17.42,5.75,11.91,18.12,0.0,26.84,66.87,7.77,60.31,0.12,Toshkent_viloyat,
67,2017.0,785.69,17.55,4.83,11.13,17.47,0.67,32.54,76.1,8.79,58.7,0.13,Toshkent_viloyat,
68,2018.0,714.43,17.67,4.86,11.16,17.51,-0.81,27.88,63.21,8.97,58.05,0.15,Toshkent_viloyat,
69,2019.0,716.44,17.77,5.79,11.86,17.97,-0.09,23.21,58.08,8.66,59.59,0.16,Toshkent_viloyat,
70,2020.0,641.51,17.86,4.72,10.81,16.92,-0.69,25.02,60.33,7.05,58.49,0.07,Toshkent_viloyat,
71,2021.0,608.53,17.93,5.49,11.91,18.36,-1.31,26.96,64.38,5.82,53.47,0.19,Toshkent_viloyat,
72,2022.0,853.44,17.99,6.55,12.15,17.79,-0.57,34.44,97.93,8.08,58.95,0.16,Toshkent_viloyat,
73,2023.0,691.29,18.04,6.58,12.7,18.86,-0.53,25.49,51.46,5.08,57.24,0.15,Toshkent_viloyat,
74,2024.0,879.99,18.09,6.03,11.82,17.62,-0.01,33.88,61.75,8.37,62.75,0.09,Toshkent_viloyat,
0,1950.0,178.2,11.97951226237204,5.3,11.08,16.45,-0.17,9.53,21.5,3.08,48.93,0.05,Uzbekistan,
1,1951.0,225.46,11.97951226237204,6.13,11.86,17.12,-0.19,11.35,23.4,4.46,50.79,0.06,Uzbekistan,
2,1952.0,264.1,11.97951226237204,6.55,12.21,17.44,0.62,14.71,28.59,5.63,50.55,0.1,Uzbekistan,
3,1953.0,327.42,12.246896418224209,7.06,12.55,17.58,0.47,14.28,29.66,6.89,53.43,0.06,Uzbekistan,
4,1954.0,282.83,12.380481075743251,5.81,11.44,16.71,1.7,15.87,28.41,9.75,53.7,0.03,Uzbekistan,
5,1955.0,221.21,12.43013730077358,7.55,13.54,19.11,-0.52,11.63,23.29,6.83,47.03,0.14,Uzbekistan,
6,1956.0,239.3,12.437489507563573,6.5,12.25,17.61,0.29,12.27,25.19,7.54,49.72,0.1,Uzbekistan,
7,1957.0,240.18,12.350272403315154,6.0,11.89,17.18,-0.08,10.11,19.93,3.65,51.53,0.03,Uzbekistan,
8,1958.0,279.8,12.133042716188838,7.14,12.81,17.96,0.48,14.21,27.94,6.53,51.71,0.06,Uzbekistan,
9,1959.0,241.5,12.202959746277044,6.1,11.58,16.69,0.8,12.87,25.99,5.17,54.36,0.04,Uzbekistan,
10,1960.0,214.8,12.381151044981303,6.2,11.92,17.22,0.38,11.17,19.22,4.84,53.05,0.07,Uzbekistan,
11,1961.0,210.37,12.657501685807157,7.39,13.4,18.9,-0.59,13.03,22.91,7.71,50.72,0.08,Uzbekistan,
12,1962.0,219.24,12.802817321114746,6.91,12.65,17.94,-0.4,11.1,17.84,3.88,52.79,0.1,Uzbekistan,
13,1963.0,270.22,12.788290027420294,7.67,13.38,18.62,0.04,12.06,22.92,4.95,53.46,0.04,Uzbekistan,
14,1964.0,277.33,12.733279285587006,6.21,11.77,16.86,1.39,16.23,29.54,7.85,54.71,0.05,Uzbekistan,
15,1965.0,227.82,12.79695423563857,7.38,12.99,18.18,0.22,12.18,18.89,5.45,52.79,0.07,Uzbekistan,
16,1966.0,200.91,12.792980927432083,7.39,13.4,18.96,-0.61,14.06,23.06,5.12,50.29,0.11,Uzbekistan,
17,1967.0,270.25,12.559916673052138,6.78,12.57,17.88,0.0,13.53,25.85,6.1,54.97,0.07,Uzbekistan,
18,1968.0,247.95,12.21993238425813,6.45,12.39,17.83,0.01,11.43,21.68,3.43,53.01,0.08,Uzbekistan,
19,1969.0,399.28,12.139722835664273,5.27,10.8,15.81,1.61,21.23,40.45,12.33,58.54,0.06,Uzbekistan,
20,1970.0,216.56,12.170287582727294,6.79,12.71,18.24,0.36,11.2,19.35,3.85,52.85,0.06,Uzbekistan,
21,1971.0,181.01,12.270074055270548,7.27,13.37,18.99,-0.7,9.7,17.47,2.81,51.49,0.07,Uzbekistan,
22,1972.0,259.06,12.239474796356784,4.87,10.97,16.37,0.11,11.34,21.1,4.18,54.01,0.03,Uzbekistan,
23,1973.0,255.08,12.181384869312623,6.97,12.74,18.05,0.5,12.68,22.98,6.15,54.91,0.1,Uzbekistan,
24,1974.0,199.26,12.1371594221083,5.71,11.68,17.19,-0.11,13.38,22.74,3.61,51.49,0.07,Uzbekistan,
25,1975.0,190.89,12.308125800444689,6.94,12.97,18.5,-0.83,12.1,20.47,3.91,49.84,0.14,Uzbekistan,
26,1976.0,259.77,12.32200214730766,6.08,11.62,16.75,-0.05,13.94,27.47,6.82,55.65,0.1,Uzbekistan,
27,1977.0,229.26,12.514754717980637,7.05,12.83,18.02,-0.3,12.78,25.1,4.02,54.9,0.1,Uzbekistan,
28,1978.0,311.04,12.63335025260721,6.92,12.42,17.46,0.85,14.0,23.34,7.75,56.66,0.09,Uzbekistan,
29,1979.0,269.12,12.844410066845205,7.46,13.22,18.51,0.92,14.84,27.14,9.12,54.66,0.11,Uzbekistan,
30,1980.0,272.03,12.8047457162576,7.02,12.64,17.7,0.23,12.43,19.98,5.49,56.91,0.1,Uzbekistan,
31,1981.0,332.63,12.870427668051263,7.81,13.17,18.19,1.21,17.64,32.81,7.62,57.97,0.06,Uzbekistan,
32,1982.0,232.31,12.73068175729411,6.47,12.07,17.28,0.4,10.93,17.85,5.68,56.34,0.05,Uzbekistan,
33,1983.0,225.35,12.64378378712713,8.12,13.8,19.16,-0.02,10.87,19.15,3.51,54.27,0.16,Uzbekistan,
34,1984.0,237.04,12.537995122072276,5.79,11.49,16.77,-0.01,14.35,25.33,9.93,53.72,0.17,Uzbekistan,
35,1985.0,243.14,12.550256468564712,6.87,12.67,18.04,0.14,12.13,22.58,5.49,54.02,0.1,Uzbekistan,
36,1986.0,217.0,12.60778437283384,7.05,12.84,18.23,-0.67,11.57,24.35,3.39,52.63,0.09,Uzbekistan,
37,1987.0,295.35,12.80480693195434,7.02,12.51,17.65,0.74,13.27,28.35,6.38,56.17,0.09,Uzbekistan,
38,1988.0,282.91,12.91565838439047,7.59,13.23,18.45,0.65,12.74,24.67,7.0,55.89,0.1,Uzbekistan,
39,1989.0,230.06,12.970877583222109,6.97,12.76,18.1,0.13,15.31,27.21,7.33,54.2,0.08,Uzbekistan,
40,1990.0,259.14,12.937975168381197,7.66,13.32,18.54,-0.12,10.66,21.29,4.33,55.52,0.1,Uzbekistan,
41,1991.0,294.02,12.667422465475932,7.11,12.76,17.91,0.41,15.84,31.83,8.67,56.11,0.07,Uzbekistan,
42,1992.0,286.84,12.401004647288197,6.88,12.41,17.46,0.98,14.1,25.4,5.14,57.26,0.05,Uzbekistan,
43,1993.0,314.92,12.34680276689286,6.0,11.58,16.53,0.96,14.46,27.26,7.29,57.35,0.07,Uzbekistan,
44,1994.0,261.32,12.451661157482588,6.63,12.36,17.57,0.87,13.99,23.22,7.62,56.43,0.06,Uzbekistan,
45,1995.0,189.24,12.734940348467312,7.61,13.65,19.25,-0.26,9.94,18.28,3.74,52.44,0.11,Uzbekistan,
46,1996.0,194.05,12.96675960342886,5.89,12.08,17.74,-0.66,13.31,23.42,7.35,51.52,0.09,Uzbekistan,
47,1997.0,269.2,13.148445912814667,7.6,13.67,19.22,-0.34,13.99,28.94,5.92,53.24,0.13,Uzbekistan,
48,1998.0,321.09,13.290816765233398,7.24,13.03,18.29,0.53,15.35,28.69,8.39,55.04,0.12,Uzbekistan,
49,1999.0,254.98,13.528873318432153,7.61,13.69,19.16,-0.57,11.54,17.99,3.52,53.5,0.11,Uzbekistan,
50,2000.0,184.18,13.605285134876988,7.52,13.62,19.12,-1.18,9.0,13.45,1.6,52.98,0.11,Uzbekistan,
51,2001.0,196.73,13.588000590832902,7.62,13.79,19.24,-1.4,12.1,17.46,4.33,52.17,0.09,Uzbekistan,
52,2002.0,325.12,13.55999854325372,7.68,13.62,19.04,0.31,20.42,35.87,9.54,55.3,0.14,Uzbekistan,
53,2003.0,355.54,13.613125915382948,7.3,12.87,18.02,1.02,16.0,26.99,7.65,57.61,0.09,Uzbekistan,
54,2004.0,274.2,13.715136795053576,8.23,14.25,19.71,-0.03,14.31,27.81,8.29,53.75,0.09,Uzbekistan,
55,2005.0,246.54,13.817777487998892,7.97,13.99,19.47,-0.36,13.5,28.84,7.63,52.6,0.16,Uzbekistan,
56,2006.0,230.64,13.793699361063268,7.44,13.62,19.11,-1.17,11.77,18.14,4.1,52.64,0.14,Uzbekistan,
57,2007.0,228.28,13.639119989263566,7.64,13.89,19.56,-1.06,12.2,28.91,3.83,52.17,0.12,Uzbekistan,
58,2008.0,181.95,13.62498484092384,6.79,13.19,18.97,-1.81,8.06,13.42,2.56,52.01,0.17,Uzbekistan,
59,2009.0,285.68,13.6208521607704,7.57,13.59,18.97,-0.65,12.85,21.55,4.85,54.5,0.07,Uzbekistan,
60,2010.0,223.86,13.5538296893259,7.97,14.24,20.04,-0.58,12.19,21.95,4.3,51.15,0.18,Uzbekistan,
61,2011.0,222.85,13.576834764147485,6.87,13.06,18.55,-1.92,12.23,23.99,5.94,51.08,0.18,Uzbekistan,
62,2012.0,220.57,13.489352627397096,6.88,13.14,18.8,-0.81,14.25,24.74,4.81,50.03,0.16,Uzbekistan,
63,2013.0,229.02,13.500202400730917,8.24,14.38,19.93,-1.37,11.96,22.79,6.5,50.92,0.1,Uzbekistan,
64,2014.0,227.03,13.684131446357409,6.32,12.69,18.37,-1.04,12.46,21.62,4.0,50.5,0.18,Uzbekistan,
65,2015.0,292.64,13.853010145874189,8.19,14.08,19.3,-0.64,12.91,27.47,7.71,53.05,0.21,Uzbekistan,
66,2016.0,280.68,13.89004051418785,8.75,14.52,19.87,-0.4,11.57,22.45,5.13,53.23,0.11,Uzbekistan,
67,2017.0,229.94,13.992503432249489,7.67,13.74,19.22,-0.27,11.75,26.05,4.96,50.88,0.18,Uzbekistan,
68,2018.0,215.86,13.897106945106607,7.25,13.48,19.02,-1.31,16.07,24.27,7.08,49.56,0.18,Uzbekistan,
69,2019.0,260.69,13.916946069409336,8.5,14.49,19.93,-0.6,12.95,24.58,4.97,51.44,0.2,Uzbekistan,
70,2020.0,220.77,14.047688381664164,7.12,13.44,19.04,-1.33,14.43,27.54,8.26,50.09,0.16,Uzbekistan,
71,2021.0,162.8,14.312978236295557,7.84,14.48,20.42,-2.05,13.32,25.61,4.22,46.49,0.27,Uzbekistan,
72,2022.0,239.9,14.500325541052865,8.37,14.39,19.81,-1.7,10.56,25.83,5.59,51.71,0.18,Uzbekistan,
73,2023.0,190.86,14.500325541052865,8.9,15.28,21.07,-2.01,9.99,19.99,5.12,48.1,0.2,Uzbekistan,
74,2024.0,269.62,14.500325541052865,8.46,14.35,19.65,-1.19,14.95,23.69,9.38,52.15,0.14,Uzbekistan,
0,1950.0,59.87,19.49,5.39,12.14,18.91,-0.207027027027027,5.46,9.16,0.0,44.06,0.04,Xorazm,1950.0
1,1951.0,78.09,19.53,6.61,13.04,19.49,-0.16,8.08,12.49,0.0,43.75,0.07,Xorazm,1951.0
2,1952.0,118.81,19.6,6.84,13.2,19.6,0.54,11.57,24.25,0.0,44.74,0.09,Xorazm,1952.0
3,1953.0,108.3,19.68,7.45,13.65,19.87,0.24,15.72,27.0,0.0,48.62,0.06,Xorazm,1953.0
4,1954.0,85.79,19.77,6.18,12.59,19.02,1.4,12.03,20.33,0.06,48.14,0.03,Xorazm,1954.0
5,1955.0,60.95,19.83,7.76,14.57,21.42,-0.77,9.74,19.28,0.05,43.24,0.16,Xorazm,1955.0
6,1956.0,78.05,19.87,6.83,13.2,19.61,0.06,11.05,12.58,1.15,45.2,0.1,Xorazm,1956.0
7,1957.0,80.15,19.89,6.28,12.81,19.37,0.22,11.12,16.84,0.0,46.97,0.03,Xorazm,1957.0
8,1958.0,114.9,19.92,7.67,14.04,20.45,-0.02,8.52,11.73,0.0,46.54,0.06,Xorazm,1958.0
9,1959.0,94.15,19.97,6.74,12.8,18.9,1.11,14.83,31.52,0.0,50.02,0.04,Xorazm,1959.0
10,1960.0,70.29,20.04,6.72,13.23,19.77,0.09,5.1,7.2,0.0,47.62,0.06,Xorazm,1960.0
11,1961.0,58.45,20.15,7.73,14.47,21.25,-0.96,5.63,8.89,0.0,46.57,0.09,Xorazm,1961.0
12,1962.0,99.88,20.26,7.29,13.79,20.32,-0.63,5.75,8.12,0.0,49.24,0.09,Xorazm,1962.0
13,1963.0,108.76,20.37,8.08,14.45,20.86,0.13,7.73,17.9,0.0,50.78,0.04,Xorazm,1963.0
14,1964.0,109.09,20.44,6.37,12.76,19.18,1.22,9.73,12.71,0.0,49.94,0.08,Xorazm,1964.0
15,1965.0,70.55,20.45,7.52,13.99,20.49,0.46,8.22,12.63,0.0,49.47,0.07,Xorazm,1965.0
16,1966.0,123.86,20.39,7.77,14.44,21.14,-0.3,16.9,19.36,6.02,46.4,0.13,Xorazm,1966.0
17,1967.0,116.82,20.27,7.25,13.75,20.3,0.05,9.2,21.26,0.0,50.53,0.06,Xorazm,1967.0
18,1968.0,91.85,20.12,7.22,13.74,20.3,-0.16,10.22,17.07,0.0,48.75,0.06,Xorazm,1968.0
19,1969.0,204.79,19.98,6.1,12.15,18.23,1.44,10.6,19.78,0.5,53.98,0.08,Xorazm,1969.0
20,1970.0,75.9,19.86,7.48,14.06,20.69,0.29,9.73,11.83,0.0,49.37,0.06,Xorazm,1970.0
21,1971.0,72.4,19.81,7.78,14.53,21.33,-0.17,12.67,17.44,0.0,49.86,0.07,Xorazm,1971.0
22,1972.0,82.73,19.83,5.44,11.96,18.53,0.33,11.78,18.39,0.0,49.03,0.03,Xorazm,1972.0
23,1973.0,136.37,19.9,7.38,13.82,20.3,0.58,17.37,20.03,5.04,52.19,0.1,Xorazm,1973.0
24,1974.0,75.11,19.99,6.32,12.85,19.39,0.37,9.67,15.61,0.0,46.38,0.07,Xorazm,1974.0
25,1975.0,58.49,20.08,7.39,14.12,20.89,-0.75,11.86,15.57,0.0,46.26,0.15,Xorazm,1975.0
26,1976.0,98.4,20.17,6.75,13.01,19.3,-0.24,15.34,26.17,6.96,50.98,0.12,Xorazm,1976.0
27,1977.0,97.13,20.22,7.74,14.05,20.41,-0.14,6.29,10.34,0.0,51.17,0.13,Xorazm,1977.0
28,1978.0,173.74,20.25,7.41,13.73,20.09,1.25,18.08,27.55,6.87,53.37,0.1,Xorazm,1978.0
29,1979.0,114.42,20.29,7.86,14.37,20.93,1.17,16.34,24.81,5.43,50.73,0.13,Xorazm,1979.0
30,1980.0,109.56,20.33,7.52,13.87,20.26,0.0,7.71,11.45,0.0,52.19,0.13,Xorazm,1980.0
31,1981.0,195.34,20.41,8.41,14.58,20.79,1.71,39.33,59.68,19.85,54.83,0.07,Xorazm,1981.0
32,1982.0,90.59,20.53,6.81,13.38,19.96,0.56,10.83,15.39,0.0,52.97,0.04,Xorazm,1982.0
33,1983.0,113.35,20.67,8.45,15.12,21.82,-0.02,15.83,24.7,10.48,51.44,0.16,Xorazm,1983.0
34,1984.0,97.39,20.81,6.59,13.01,19.46,0.56,27.02,30.64,27.47,49.78,0.18,Xorazm,1984.0
35,1985.0,94.9,20.92,7.4,14.02,20.68,0.32,20.32,24.81,14.53,52.07,0.11,Xorazm,1985.0
36,1986.0,88.43,20.96,7.57,14.2,20.86,-0.4,7.74,14.79,0.0,50.78,0.1,Xorazm,1986.0
37,1987.0,137.76,20.91,7.64,14.12,20.63,0.67,13.11,17.26,3.03,53.07,0.1,Xorazm,1987.0
38,1988.0,110.28,20.78,8.09,14.62,21.2,0.49,8.31,14.46,0.0,52.97,0.11,Xorazm,1988.0
39,1989.0,108.06,20.61,7.49,14.3,21.13,0.26,20.43,33.67,12.41,51.57,0.09,Xorazm,1989.0
40,1990.0,97.37,20.45,7.98,14.55,21.16,-0.4,7.79,12.59,0.0,51.89,0.1,Xorazm,1990.0
41,1991.0,114.69,20.34,7.86,14.21,20.6,0.5,20.61,22.98,15.25,52.59,0.08,Xorazm,1991.0
42,1992.0,158.78,20.33,7.45,13.64,19.87,0.88,14.78,30.81,0.03,54.99,0.05,Xorazm,1992.0
43,1993.0,108.26,20.45,7.05,13.28,19.54,0.94,9.97,15.0,0.0,54.02,0.09,Xorazm,1993.0
44,1994.0,130.66,20.67,7.27,13.7,20.15,1.06,16.61,33.31,6.35,53.35,0.05,Xorazm,1994.0
45,1995.0,68.1,20.93,8.21,15.15,22.11,-0.8,6.85,9.79,0.0,49.31,0.12,Xorazm,1995.0
46,1996.0,55.76,21.21,6.8,13.67,20.56,-0.44,10.69,13.41,0.0,49.74,0.09,Xorazm,1996.0
47,1997.0,87.53,21.44,8.03,14.83,21.67,-0.2,17.05,34.6,3.37,50.8,0.12,Xorazm,1997.0
48,1998.0,105.08,21.59,7.76,14.4,21.06,0.26,9.61,18.73,0.12,50.91,0.12,Xorazm,1998.0
49,1999.0,74.74,21.67,8.17,15.22,22.3,-1.18,10.46,16.42,0.0,49.55,0.11,Xorazm,1999.0
50,2000.0,82.16,21.68,8.18,15.06,21.97,-1.75,5.78,7.74,0.0,49.2,0.12,Xorazm,2000.0
51,2001.0,90.44,21.66,8.39,15.12,21.9,-1.19,14.85,21.3,0.45,50.15,0.08,Xorazm,2001.0
52,2002.0,123.03,21.62,8.57,15.07,21.62,0.38,16.35,33.18,5.37,51.18,0.14,Xorazm,2002.0
53,2003.0,161.73,21.58,8.19,14.28,20.4,1.18,12.07,20.99,1.99,54.66,0.08,Xorazm,2003.0
54,2004.0,117.51,21.55,9.12,15.53,21.98,-0.24,22.25,27.35,20.56,50.5,0.08,Xorazm,2004.0
55,2005.0,120.51,21.54,8.71,15.25,21.82,-0.41,10.46,15.28,1.69,51.25,0.16,Xorazm,2005.0
56,2006.0,109.52,21.52,8.48,14.94,21.43,-1.39,10.24,14.56,4.42,49.54,0.13,Xorazm,2006.0
57,2007.0,102.53,21.5,8.53,15.08,21.67,-1.02,8.6,17.86,0.0,49.26,0.11,Xorazm,2007.0
58,2008.0,66.84,21.47,7.75,14.46,21.22,-1.56,6.34,12.66,0.0,48.21,0.16,Xorazm,2008.0
59,2009.0,96.32,21.43,8.58,14.88,21.22,-1.16,15.31,18.89,5.47,50.76,0.08,Xorazm,2009.0
60,2010.0,63.72,21.38,8.83,15.57,22.34,-1.43,10.91,15.24,0.0,46.52,0.2,Xorazm,2010.0
61,2011.0,98.41,21.34,7.87,14.25,20.66,-1.7,21.38,24.68,19.34,48.89,0.18,Xorazm,2011.0
62,2012.0,80.93,21.31,7.74,14.31,20.91,-0.77,12.16,15.42,0.17,47.81,0.16,Xorazm,2012.0
63,2013.0,127.7,21.31,9.08,15.57,22.11,-1.25,10.82,16.36,0.09,49.75,0.1,Xorazm,2013.0
64,2014.0,114.55,21.34,7.49,14.08,20.71,-0.92,11.31,20.34,0.0,47.56,0.17,Xorazm,2014.0
65,2015.0,131.29,21.41,9.15,15.3,21.5,-0.98,11.81,29.31,0.0,50.21,0.23,Xorazm,2015.0
66,2016.0,156.38,21.51,9.41,15.68,21.98,-0.78,13.14,16.43,1.33,50.42,0.1,Xorazm,2016.0
67,2017.0,109.09,21.63,8.53,15.04,21.59,-0.55,7.5,11.32,0.0,47.42,0.17,Xorazm,2017.0
68,2018.0,93.52,21.76,8.47,14.98,21.54,-1.4,10.9,11.74,0.0,45.55,0.19,Xorazm,2018.0
69,2019.0,102.56,21.9,9.18,15.6,22.05,-0.94,9.33,16.12,0.0,48.0,0.22,Xorazm,2019.0
70,2020.0,83.3,22.04,8.2,14.68,21.19,-2.15,6.24,9.34,0.0,46.29,0.17,Xorazm,2020.0
71,2021.0,64.85,22.18,9.01,15.86,22.73,-1.9,13.23,13.65,0.0,45.22,0.26,Xorazm,2021.0
72,2022.0,95.03,22.32,9.56,15.83,22.14,-1.38,10.8,18.06,0.0,49.16,0.17,Xorazm,2022.0
73,2023.0,80.54,22.46,9.82,16.63,23.49,-2.12,5.23,8.5,0.0,44.7,0.17,Xorazm,2023.0
74,2024.0,103.66,22.6,9.35,15.6,21.88,-1.31,8.61,12.49,0.0,48.47,0.11,Xorazm,2024.0
